"artist_name","artist_id","album_id","album_type","album_release_date","album_release_year","album_release_date_precision","danceability","energy","key","loudness","mode","speechiness","acousticness","instrumentalness","liveness","valence","tempo","track_id","analysis_url","time_signature","disc_number","duration_ms","explicit","track_href","is_local","track_name","track_preview_url","track_number","type","track_uri","external_urls.spotify","album_name","key_name","mode_name","key_mode"
"mgk","6TIYQ3jFPwQSRmorSezPxX","3xwZCEeoDIzrpRDBpgUb2X","album","2023-11-17",2023,"day",0.747,0.135,7,-9.446,0,0.0599,0.92,0.809,0.149,0.393,140.1,"6mAJDlz7dhekdfYaiWjImv","https://api.spotify.com/v1/audio-analysis/6mAJDlz7dhekdfYaiWjImv",4,1,111428,FALSE,"https://api.spotify.com/v1/tracks/6mAJDlz7dhekdfYaiWjImv",FALSE,"drunk face - lofi","https://p.scdn.co/mp3-preview/0b6fa50a37576fd22742f63af89cc2e4b80f4309?cid=7a1d4f939a1f4e9989be940adaeb2999",1,"track","spotify:track:6mAJDlz7dhekdfYaiWjImv","https://open.spotify.com/track/6mAJDlz7dhekdfYaiWjImv","lofi chill vibes with machine gun kelly","G","minor","G minor"
"mgk","6TIYQ3jFPwQSRmorSezPxX","3xwZCEeoDIzrpRDBpgUb2X","album","2023-11-17",2023,"day",0.731,0.302,9,-14.071,1,0.0301,0.953,0.93,0.0953,0.19,108.032,"5MNUXYGnjG1ID2TTJnPCMU","https://api.spotify.com/v1/audio-analysis/5MNUXYGnjG1ID2TTJnPCMU",3,1,111666,FALSE,"https://api.spotify.com/v1/tracks/5MNUXYGnjG1ID2TTJnPCMU",FALSE,"lonely - lofi","https://p.scdn.co/mp3-preview/1ba1e972ba3921760c8793f57769ded58a1b8d63?cid=7a1d4f939a1f4e9989be940adaeb2999",2,"track","spotify:track:5MNUXYGnjG1ID2TTJnPCMU","https://open.spotify.com/track/5MNUXYGnjG1ID2TTJnPCMU","lofi chill vibes with machine gun kelly","A","major","A major"
"mgk","6TIYQ3jFPwQSRmorSezPxX","3xwZCEeoDIzrpRDBpgUb2X","album","2023-11-17",2023,"day",0.635,0.187,7,-16.253,1,0.0351,0.947,0.926,0.0989,0.0956,120.041,"1wLPKIRUYftwbk0xnCzad5","https://api.spotify.com/v1/audio-analysis/1wLPKIRUYftwbk0xnCzad5",4,1,169000,FALSE,"https://api.spotify.com/v1/tracks/1wLPKIRUYftwbk0xnCzad5",FALSE,"title track - lofi","https://p.scdn.co/mp3-preview/a866fce44d52fbc1cbb7e943aeb4eea295aac7b8?cid=7a1d4f939a1f4e9989be940adaeb2999",3,"track","spotify:track:1wLPKIRUYftwbk0xnCzad5","https://open.spotify.com/track/1wLPKIRUYftwbk0xnCzad5","lofi chill vibes with machine gun kelly","G","major","G major"
"mgk","6TIYQ3jFPwQSRmorSezPxX","3xwZCEeoDIzrpRDBpgUb2X","album","2023-11-17",2023,"day",0.792,0.336,2,-12.77,1,0.0443,0.715,0.893,0.348,0.0731,136.02,"024TsB29vfeLHAp94Xj92y","https://api.spotify.com/v1/audio-analysis/024TsB29vfeLHAp94Xj92y",4,1,133235,FALSE,"https://api.spotify.com/v1/tracks/024TsB29vfeLHAp94Xj92y",FALSE,"bloody valentine - lofi","https://p.scdn.co/mp3-preview/954ee67f2826992680a6626003e993c8648b7680?cid=7a1d4f939a1f4e9989be940adaeb2999",4,"track","spotify:track:024TsB29vfeLHAp94Xj92y","https://open.spotify.com/track/024TsB29vfeLHAp94Xj92y","lofi chill vibes with machine gun kelly","D","major","D major"
"mgk","6TIYQ3jFPwQSRmorSezPxX","3xwZCEeoDIzrpRDBpgUb2X","album","2023-11-17",2023,"day",0.628,0.218,6,-13.195,0,0.0365,0.988,0.796,0.102,0.177,136.06,"1dJ0tOeaSz6RWKZEjGo47d","https://api.spotify.com/v1/audio-analysis/1dJ0tOeaSz6RWKZEjGo47d",4,1,119117,FALSE,"https://api.spotify.com/v1/tracks/1dJ0tOeaSz6RWKZEjGo47d",FALSE,"all i know - lofi","https://p.scdn.co/mp3-preview/09e3c1424e87c9216cdab85ee8d3aa1abb9a67d9?cid=7a1d4f939a1f4e9989be940adaeb2999",5,"track","spotify:track:1dJ0tOeaSz6RWKZEjGo47d","https://open.spotify.com/track/1dJ0tOeaSz6RWKZEjGo47d","lofi chill vibes with machine gun kelly","F#","minor","F# minor"
"mgk","6TIYQ3jFPwQSRmorSezPxX","3xwZCEeoDIzrpRDBpgUb2X","album","2023-11-17",2023,"day",0.819,0.239,8,-14.646,1,0.0395,0.973,0.773,0.106,0.254,115.935,"47sfdweEnLLYoZTbPIcOwq","https://api.spotify.com/v1/audio-analysis/47sfdweEnLLYoZTbPIcOwq",4,1,155172,FALSE,"https://api.spotify.com/v1/tracks/47sfdweEnLLYoZTbPIcOwq",FALSE,"forget me too - lofi","https://p.scdn.co/mp3-preview/46db2fb9f6e3288235a8159c43dab6ed62ef60e7?cid=7a1d4f939a1f4e9989be940adaeb2999",6,"track","spotify:track:47sfdweEnLLYoZTbPIcOwq","https://open.spotify.com/track/47sfdweEnLLYoZTbPIcOwq","lofi chill vibes with machine gun kelly","G#","major","G# major"
"mgk","6TIYQ3jFPwQSRmorSezPxX","3xwZCEeoDIzrpRDBpgUb2X","album","2023-11-17",2023,"day",0.623,0.247,11,-27.027,1,0.0544,0.914,0.858,0.111,0.343,126.022,"73JUOGZnpKnHw43BXTTlGv","https://api.spotify.com/v1/audio-analysis/73JUOGZnpKnHw43BXTTlGv",4,1,129642,FALSE,"https://api.spotify.com/v1/tracks/73JUOGZnpKnHw43BXTTlGv",FALSE,"god save me - lofi","https://p.scdn.co/mp3-preview/616f93498a72f7a57df13b1996e7e93115177a1a?cid=7a1d4f939a1f4e9989be940adaeb2999",7,"track","spotify:track:73JUOGZnpKnHw43BXTTlGv","https://open.spotify.com/track/73JUOGZnpKnHw43BXTTlGv","lofi chill vibes with machine gun kelly","B","major","B major"
"mgk","6TIYQ3jFPwQSRmorSezPxX","3xwZCEeoDIzrpRDBpgUb2X","album","2023-11-17",2023,"day",0.645,0.128,10,-23.506,1,0.0308,0.849,0.885,0.119,0.282,112.055,"0bMmMwyzqUbtl8ffbUrZnF","https://api.spotify.com/v1/audio-analysis/0bMmMwyzqUbtl8ffbUrZnF",4,1,120535,FALSE,"https://api.spotify.com/v1/tracks/0bMmMwyzqUbtl8ffbUrZnF",FALSE,"maybe - lofi","https://p.scdn.co/mp3-preview/facf22eea04cda3359b1e04cd1b036c178cad760?cid=7a1d4f939a1f4e9989be940adaeb2999",8,"track","spotify:track:0bMmMwyzqUbtl8ffbUrZnF","https://open.spotify.com/track/0bMmMwyzqUbtl8ffbUrZnF","lofi chill vibes with machine gun kelly","A#","major","A# major"
"mgk","6TIYQ3jFPwQSRmorSezPxX","3xwZCEeoDIzrpRDBpgUb2X","album","2023-11-17",2023,"day",0.635,0.0751,11,-29.096,1,0.0335,0.946,0.918,0.116,0.214,120.06,"4zrUOyvQNNXkhSfSza2KNE","https://api.spotify.com/v1/audio-analysis/4zrUOyvQNNXkhSfSza2KNE",4,1,120250,FALSE,"https://api.spotify.com/v1/tracks/4zrUOyvQNNXkhSfSza2KNE",FALSE,"papercuts - lofi","https://p.scdn.co/mp3-preview/5b853dc021227fe19a61aec1b673ec2eba418d9b?cid=7a1d4f939a1f4e9989be940adaeb2999",9,"track","spotify:track:4zrUOyvQNNXkhSfSza2KNE","https://open.spotify.com/track/4zrUOyvQNNXkhSfSza2KNE","lofi chill vibes with machine gun kelly","B","major","B major"
"mgk","6TIYQ3jFPwQSRmorSezPxX","3xwZCEeoDIzrpRDBpgUb2X","album","2023-11-17",2023,"day",0.548,0.0709,8,-23.897,1,0.0329,0.912,0.908,0.112,0.217,61.024,"0GeB0AWfbHzwcq9X6NkcmF","https://api.spotify.com/v1/audio-analysis/0GeB0AWfbHzwcq9X6NkcmF",4,1,138934,FALSE,"https://api.spotify.com/v1/tracks/0GeB0AWfbHzwcq9X6NkcmF",FALSE,"fake love don't last - lofi","https://p.scdn.co/mp3-preview/75e263aabc3ecc500bbbd591d8f3b0ad5252c747?cid=7a1d4f939a1f4e9989be940adaeb2999",10,"track","spotify:track:0GeB0AWfbHzwcq9X6NkcmF","https://open.spotify.com/track/0GeB0AWfbHzwcq9X6NkcmF","lofi chill vibes with machine gun kelly","G#","major","G# major"
"mgk","6TIYQ3jFPwQSRmorSezPxX","3xwZCEeoDIzrpRDBpgUb2X","album","2023-11-17",2023,"day",0.217,0.0269,11,-30.904,1,0.0312,0.919,0.952,0.106,0.117,89.99,"3l3Ik3eeCDzQCSq8E6JySf","https://api.spotify.com/v1/audio-analysis/3l3Ik3eeCDzQCSq8E6JySf",4,1,117333,FALSE,"https://api.spotify.com/v1/tracks/3l3Ik3eeCDzQCSq8E6JySf",FALSE,"5150 - lofi","https://p.scdn.co/mp3-preview/be99f5af5eefe52edc95a3a383fd7b79bfb95f8e?cid=7a1d4f939a1f4e9989be940adaeb2999",11,"track","spotify:track:3l3Ik3eeCDzQCSq8E6JySf","https://open.spotify.com/track/3l3Ik3eeCDzQCSq8E6JySf","lofi chill vibes with machine gun kelly","B","major","B major"
"mgk","6TIYQ3jFPwQSRmorSezPxX","3xwZCEeoDIzrpRDBpgUb2X","album","2023-11-17",2023,"day",0.738,0.0383,3,-24.475,0,0.0404,0.689,0.22,0.152,0.281,90.021,"7L5q32r5rUe11lFwt2wQIi","https://api.spotify.com/v1/audio-analysis/7L5q32r5rUe11lFwt2wQIi",4,1,128000,FALSE,"https://api.spotify.com/v1/tracks/7L5q32r5rUe11lFwt2wQIi",FALSE,"el diablo - lofi","https://p.scdn.co/mp3-preview/7f249cae945ac3dc0717711dec27a238a64a52f7?cid=7a1d4f939a1f4e9989be940adaeb2999",12,"track","spotify:track:7L5q32r5rUe11lFwt2wQIi","https://open.spotify.com/track/7L5q32r5rUe11lFwt2wQIi","lofi chill vibes with machine gun kelly","D#","minor","D# minor"
"mgk","6TIYQ3jFPwQSRmorSezPxX","3xwZCEeoDIzrpRDBpgUb2X","album","2023-11-17",2023,"day",0.35,0.049,1,-23.096,0,0.0325,0.896,0.932,0.106,0.0605,104.825,"1icRR13s8aET1LPmtAvfn2","https://api.spotify.com/v1/audio-analysis/1icRR13s8aET1LPmtAvfn2",4,1,128000,FALSE,"https://api.spotify.com/v1/tracks/1icRR13s8aET1LPmtAvfn2",FALSE,"glass house - lofi","https://p.scdn.co/mp3-preview/e59b8e1f1de0e759a206a55c015f7d3c13d3e881?cid=7a1d4f939a1f4e9989be940adaeb2999",13,"track","spotify:track:1icRR13s8aET1LPmtAvfn2","https://open.spotify.com/track/1icRR13s8aET1LPmtAvfn2","lofi chill vibes with machine gun kelly","C#","minor","C# minor"
"mgk","6TIYQ3jFPwQSRmorSezPxX","3xwZCEeoDIzrpRDBpgUb2X","album","2023-11-17",2023,"day",0.504,0.174,9,-21.859,0,0.0279,0.16,0.95,0.162,0.402,72.102,"67FE6OBfYehq25nDVFXQKN","https://api.spotify.com/v1/audio-analysis/67FE6OBfYehq25nDVFXQKN",4,1,160000,FALSE,"https://api.spotify.com/v1/tracks/67FE6OBfYehq25nDVFXQKN",FALSE,"floor 13 - lofi","https://p.scdn.co/mp3-preview/850193514057961f0070b35418b3303b6d710440?cid=7a1d4f939a1f4e9989be940adaeb2999",14,"track","spotify:track:67FE6OBfYehq25nDVFXQKN","https://open.spotify.com/track/67FE6OBfYehq25nDVFXQKN","lofi chill vibes with machine gun kelly","A","minor","A minor"
"mgk","6TIYQ3jFPwQSRmorSezPxX","3xwZCEeoDIzrpRDBpgUb2X","album","2023-11-17",2023,"day",0.535,0.0442,5,-22.015,0,0.0337,0.86,0.947,0.477,0.0717,119.99,"1MP86E1JKqlZ0ljyZsM5zJ","https://api.spotify.com/v1/audio-analysis/1MP86E1JKqlZ0ljyZsM5zJ",4,1,152000,FALSE,"https://api.spotify.com/v1/tracks/1MP86E1JKqlZ0ljyZsM5zJ",FALSE,"candy - lofi","https://p.scdn.co/mp3-preview/fb4e0f590b4f01e4ef38f16188f8f76d8d310ddd?cid=7a1d4f939a1f4e9989be940adaeb2999",15,"track","spotify:track:1MP86E1JKqlZ0ljyZsM5zJ","https://open.spotify.com/track/1MP86E1JKqlZ0ljyZsM5zJ","lofi chill vibes with machine gun kelly","F","minor","F minor"
"mgk","6TIYQ3jFPwQSRmorSezPxX","3xwZCEeoDIzrpRDBpgUb2X","album","2023-11-17",2023,"day",0.562,0.0885,7,-19.822,1,0.0364,0.782,0.94,0.108,0.435,60.009,"0yD614zmvBUEM64bc9UQqa","https://api.spotify.com/v1/audio-analysis/0yD614zmvBUEM64bc9UQqa",4,1,148000,FALSE,"https://api.spotify.com/v1/tracks/0yD614zmvBUEM64bc9UQqa",FALSE,"i think i'm okay - lofi","https://p.scdn.co/mp3-preview/13865c50dcdf5baf72b7cdc6f18d37d57988a988?cid=7a1d4f939a1f4e9989be940adaeb2999",16,"track","spotify:track:0yD614zmvBUEM64bc9UQqa","https://open.spotify.com/track/0yD614zmvBUEM64bc9UQqa","lofi chill vibes with machine gun kelly","G","major","G major"
"mgk","6TIYQ3jFPwQSRmorSezPxX","3xwZCEeoDIzrpRDBpgUb2X","album","2023-11-17",2023,"day",0.517,0.0217,1,-29.276,0,0.0261,0.861,0.854,0.623,0.221,80.049,"1ooGtCr9f4akOxAxrqOaPb","https://api.spotify.com/v1/audio-analysis/1ooGtCr9f4akOxAxrqOaPb",4,1,111000,FALSE,"https://api.spotify.com/v1/tracks/1ooGtCr9f4akOxAxrqOaPb",FALSE,"pressure - lofi","https://p.scdn.co/mp3-preview/4b1fb247f3ad77c2a1c64f2946d350bbb10ebf2b?cid=7a1d4f939a1f4e9989be940adaeb2999",17,"track","spotify:track:1ooGtCr9f4akOxAxrqOaPb","https://open.spotify.com/track/1ooGtCr9f4akOxAxrqOaPb","lofi chill vibes with machine gun kelly","C#","minor","C# minor"
"mgk","6TIYQ3jFPwQSRmorSezPxX","5mj5NblnMMm5G3n1cugGH7","album","2022-06-24",2022,"day",0.561,0.939,4,-4.562,1,0.132,0.0219,0,0.0901,0.5,151.092,"17XY1uAyl0lrFqiMp1aQXO","https://api.spotify.com/v1/audio-analysis/17XY1uAyl0lrFqiMp1aQXO",4,1,181496,TRUE,"https://api.spotify.com/v1/tracks/17XY1uAyl0lrFqiMp1aQXO",FALSE,"9 lives",NA,1,"track","spotify:track:17XY1uAyl0lrFqiMp1aQXO","https://open.spotify.com/track/17XY1uAyl0lrFqiMp1aQXO","mainstream sellout (life in pink deluxe)","E","major","E major"
"mgk","6TIYQ3jFPwQSRmorSezPxX","5mj5NblnMMm5G3n1cugGH7","album","2022-06-24",2022,"day",0.503,0.795,7,-5.355,0,0.0856,0.118,0,0.103,0.414,144.005,"3kB1DY1ou9dg5DfPcNuJbT","https://api.spotify.com/v1/audio-analysis/3kB1DY1ou9dg5DfPcNuJbT",4,1,196465,TRUE,"https://api.spotify.com/v1/tracks/3kB1DY1ou9dg5DfPcNuJbT",FALSE,"more than life (feat. glaive)",NA,2,"track","spotify:track:3kB1DY1ou9dg5DfPcNuJbT","https://open.spotify.com/track/3kB1DY1ou9dg5DfPcNuJbT","mainstream sellout (life in pink deluxe)","G","minor","G minor"
"mgk","6TIYQ3jFPwQSRmorSezPxX","5mj5NblnMMm5G3n1cugGH7","album","2022-06-24",2022,"day",0.559,0.889,10,-3.996,1,0.0432,0.00616,0,0.479,0.628,129.053,"6eu5juAZhsE7gNzcdf1mdA","https://api.spotify.com/v1/audio-analysis/6eu5juAZhsE7gNzcdf1mdA",4,1,175776,TRUE,"https://api.spotify.com/v1/tracks/6eu5juAZhsE7gNzcdf1mdA",FALSE,"why are you here",NA,3,"track","spotify:track:6eu5juAZhsE7gNzcdf1mdA","https://open.spotify.com/track/6eu5juAZhsE7gNzcdf1mdA","mainstream sellout (life in pink deluxe)","A#","major","A# major"
"mgk","6TIYQ3jFPwQSRmorSezPxX","5mj5NblnMMm5G3n1cugGH7","album","2022-06-24",2022,"day",0.452,0.524,11,-5.077,1,0.0322,0.0731,0,0.103,0.158,170.069,"7AbpTqNbxpqWQjKcSOpYvq","https://api.spotify.com/v1/audio-analysis/7AbpTqNbxpqWQjKcSOpYvq",4,1,174833,FALSE,"https://api.spotify.com/v1/tracks/7AbpTqNbxpqWQjKcSOpYvq",FALSE,"last november",NA,4,"track","spotify:track:7AbpTqNbxpqWQjKcSOpYvq","https://open.spotify.com/track/7AbpTqNbxpqWQjKcSOpYvq","mainstream sellout (life in pink deluxe)","B","major","B major"
"mgk","6TIYQ3jFPwQSRmorSezPxX","5mj5NblnMMm5G3n1cugGH7","album","2022-06-24",2022,"day",0.569,0.919,11,-5.378,1,0.135,0.00089,9.44e-05,0.0524,0.256,95.073,"3f20I3nQsYDV980FMzsPQx","https://api.spotify.com/v1/audio-analysis/3f20I3nQsYDV980FMzsPQx",4,1,147943,FALSE,"https://api.spotify.com/v1/tracks/3f20I3nQsYDV980FMzsPQx",FALSE,"born with horns",NA,5,"track","spotify:track:3f20I3nQsYDV980FMzsPQx","https://open.spotify.com/track/3f20I3nQsYDV980FMzsPQx","mainstream sellout (life in pink deluxe)","B","major","B major"
"mgk","6TIYQ3jFPwQSRmorSezPxX","5mj5NblnMMm5G3n1cugGH7","album","2022-06-24",2022,"day",0.536,0.809,4,-5.47,1,0.0898,0.0297,0,0.292,0.604,168.003,"2CLSRCgy20pkIXXqpUY3Pn","https://api.spotify.com/v1/audio-analysis/2CLSRCgy20pkIXXqpUY3Pn",4,1,180469,TRUE,"https://api.spotify.com/v1/tracks/2CLSRCgy20pkIXXqpUY3Pn",FALSE,"god save me",NA,6,"track","spotify:track:2CLSRCgy20pkIXXqpUY3Pn","https://open.spotify.com/track/2CLSRCgy20pkIXXqpUY3Pn","mainstream sellout (life in pink deluxe)","E","major","E major"
"mgk","6TIYQ3jFPwQSRmorSezPxX","5mj5NblnMMm5G3n1cugGH7","album","2022-06-24",2022,"day",0.601,0.92,5,-4.802,0,0.0505,0.000735,0,0.0998,0.537,88.014,"6gHwksBerN7FIXv10WaIgS","https://api.spotify.com/v1/audio-analysis/6gHwksBerN7FIXv10WaIgS",4,1,170133,TRUE,"https://api.spotify.com/v1/tracks/6gHwksBerN7FIXv10WaIgS",FALSE,"maybe (feat. Bring Me The Horizon)",NA,7,"track","spotify:track:6gHwksBerN7FIXv10WaIgS","https://open.spotify.com/track/6gHwksBerN7FIXv10WaIgS","mainstream sellout (life in pink deluxe)","F","minor","F minor"
"mgk","6TIYQ3jFPwQSRmorSezPxX","5mj5NblnMMm5G3n1cugGH7","album","2022-06-24",2022,"day",0.633,0.717,10,-3.875,1,0.0493,0.00602,0,0.151,0.602,142.951,"3EnxIlDGhObknqvUbwJnZz","https://api.spotify.com/v1/audio-analysis/3EnxIlDGhObknqvUbwJnZz",4,1,172283,TRUE,"https://api.spotify.com/v1/tracks/3EnxIlDGhObknqvUbwJnZz",FALSE,"drug dealer (feat. Lil Wayne)",NA,8,"track","spotify:track:3EnxIlDGhObknqvUbwJnZz","https://open.spotify.com/track/3EnxIlDGhObknqvUbwJnZz","mainstream sellout (life in pink deluxe)","A#","major","A# major"
"mgk","6TIYQ3jFPwQSRmorSezPxX","5mj5NblnMMm5G3n1cugGH7","album","2022-06-24",2022,"day",0.817,0.495,9,-10.42,0,0.927,0.73,0,0.286,0.571,48.413,"4WHXO7sczYVIocJ1kw0mqj","https://api.spotify.com/v1/audio-analysis/4WHXO7sczYVIocJ1kw0mqj",3,1,32812,FALSE,"https://api.spotify.com/v1/tracks/4WHXO7sczYVIocJ1kw0mqj",FALSE,"wall of fame - interlude",NA,9,"track","spotify:track:4WHXO7sczYVIocJ1kw0mqj","https://open.spotify.com/track/4WHXO7sczYVIocJ1kw0mqj","mainstream sellout (life in pink deluxe)","A","minor","A minor"
"mgk","6TIYQ3jFPwQSRmorSezPxX","5mj5NblnMMm5G3n1cugGH7","album","2022-06-24",2022,"day",0.541,0.693,1,-4.252,1,0.0612,0.000209,0.00103,0.0553,0.483,142.086,"2buy7AmtDNXXC7z85st9ym","https://api.spotify.com/v1/audio-analysis/2buy7AmtDNXXC7z85st9ym",4,1,107849,TRUE,"https://api.spotify.com/v1/tracks/2buy7AmtDNXXC7z85st9ym",FALSE,"mainstream sellout",NA,10,"track","spotify:track:2buy7AmtDNXXC7z85st9ym","https://open.spotify.com/track/2buy7AmtDNXXC7z85st9ym","mainstream sellout (life in pink deluxe)","C#","major","C# major"
"mgk","6TIYQ3jFPwQSRmorSezPxX","5mj5NblnMMm5G3n1cugGH7","album","2022-06-24",2022,"day",0.665,0.678,5,-4.122,0,0.0315,0.00156,0,0.474,0.682,131.986,"0j0fp13Ic6THqlyuwkKrNu","https://api.spotify.com/v1/audio-analysis/0j0fp13Ic6THqlyuwkKrNu",4,1,122570,TRUE,"https://api.spotify.com/v1/tracks/0j0fp13Ic6THqlyuwkKrNu",FALSE,"make up sex (feat. blackbear)",NA,11,"track","spotify:track:0j0fp13Ic6THqlyuwkKrNu","https://open.spotify.com/track/0j0fp13Ic6THqlyuwkKrNu","mainstream sellout (life in pink deluxe)","F","minor","F minor"
"mgk","6TIYQ3jFPwQSRmorSezPxX","5mj5NblnMMm5G3n1cugGH7","album","2022-06-24",2022,"day",0.412,0.881,2,-3.502,1,0.087,0.00039,5.82e-05,0.923,0.359,165.012,"3QWtmGaJ845J4oScgaQBlV","https://api.spotify.com/v1/audio-analysis/3QWtmGaJ845J4oScgaQBlV",4,1,159096,TRUE,"https://api.spotify.com/v1/tracks/3QWtmGaJ845J4oScgaQBlV",FALSE,"emo girl (feat. WILLOW)",NA,12,"track","spotify:track:3QWtmGaJ845J4oScgaQBlV","https://open.spotify.com/track/3QWtmGaJ845J4oScgaQBlV","mainstream sellout (life in pink deluxe)","D","major","D major"
"mgk","6TIYQ3jFPwQSRmorSezPxX","5mj5NblnMMm5G3n1cugGH7","album","2022-06-24",2022,"day",0.535,0.94,11,-4.811,1,0.0973,0.000181,0.00134,0.0631,0.536,157.994,"39IkdI5kRWyM5DjyBh4Khp","https://api.spotify.com/v1/audio-analysis/39IkdI5kRWyM5DjyBh4Khp",4,1,174848,FALSE,"https://api.spotify.com/v1/tracks/39IkdI5kRWyM5DjyBh4Khp",FALSE,"5150",NA,13,"track","spotify:track:39IkdI5kRWyM5DjyBh4Khp","https://open.spotify.com/track/39IkdI5kRWyM5DjyBh4Khp","mainstream sellout (life in pink deluxe)","B","major","B major"
"mgk","6TIYQ3jFPwQSRmorSezPxX","5mj5NblnMMm5G3n1cugGH7","album","2022-06-24",2022,"day",0.587,0.725,4,-5.327,1,0.0562,0.0719,1.11e-06,0.38,0.441,140.015,"0Gd4tCAMWoCrDuSB4zFlqI","https://api.spotify.com/v1/audio-analysis/0Gd4tCAMWoCrDuSB4zFlqI",4,1,181039,TRUE,"https://api.spotify.com/v1/tracks/0Gd4tCAMWoCrDuSB4zFlqI",FALSE,"papercuts - album edit",NA,14,"track","spotify:track:0Gd4tCAMWoCrDuSB4zFlqI","https://open.spotify.com/track/0Gd4tCAMWoCrDuSB4zFlqI","mainstream sellout (life in pink deluxe)","E","major","E major"
"mgk","6TIYQ3jFPwQSRmorSezPxX","5mj5NblnMMm5G3n1cugGH7","album","2022-06-24",2022,"day",0.428,0.965,11,-4.488,1,0.32,0.00446,0,0.364,0.704,170.185,"7D9Yoasa4taTNAP0BTRdGL","https://api.spotify.com/v1/audio-analysis/7D9Yoasa4taTNAP0BTRdGL",5,1,72577,TRUE,"https://api.spotify.com/v1/tracks/7D9Yoasa4taTNAP0BTRdGL",FALSE,"WW4",NA,15,"track","spotify:track:7D9Yoasa4taTNAP0BTRdGL","https://open.spotify.com/track/7D9Yoasa4taTNAP0BTRdGL","mainstream sellout (life in pink deluxe)","B","major","B major"
"mgk","6TIYQ3jFPwQSRmorSezPxX","5mj5NblnMMm5G3n1cugGH7","album","2022-06-24",2022,"day",0.742,0.617,2,-6.689,1,0.0345,0.05,5.92e-05,0.0711,0.491,147.002,"5o7D9efUt1v0lAmTqcbJKe","https://api.spotify.com/v1/audio-analysis/5o7D9efUt1v0lAmTqcbJKe",4,1,124188,TRUE,"https://api.spotify.com/v1/tracks/5o7D9efUt1v0lAmTqcbJKe",FALSE,"ay! (feat. Lil Wayne)",NA,16,"track","spotify:track:5o7D9efUt1v0lAmTqcbJKe","https://open.spotify.com/track/5o7D9efUt1v0lAmTqcbJKe","mainstream sellout (life in pink deluxe)","D","major","D major"
"mgk","6TIYQ3jFPwQSRmorSezPxX","5mj5NblnMMm5G3n1cugGH7","album","2022-06-24",2022,"day",0.659,0.733,8,-4.878,1,0.0577,0.0226,0,0.205,0.763,146.053,"3wA24KVJEOtQL3lB3PLiqZ","https://api.spotify.com/v1/audio-analysis/3wA24KVJEOtQL3lB3PLiqZ",4,1,143204,FALSE,"https://api.spotify.com/v1/tracks/3wA24KVJEOtQL3lB3PLiqZ",FALSE,"fake love don't last (feat. iann dior)",NA,17,"track","spotify:track:3wA24KVJEOtQL3lB3PLiqZ","https://open.spotify.com/track/3wA24KVJEOtQL3lB3PLiqZ","mainstream sellout (life in pink deluxe)","G#","major","G# major"
"mgk","6TIYQ3jFPwQSRmorSezPxX","5mj5NblnMMm5G3n1cugGH7","album","2022-06-24",2022,"day",0.765,0.606,2,-7.495,1,0.0572,0.238,4.14e-06,0.088,0.197,98.948,"0hJYOWbAoqYCICLXdx6rYH","https://api.spotify.com/v1/audio-analysis/0hJYOWbAoqYCICLXdx6rYH",4,1,207007,TRUE,"https://api.spotify.com/v1/tracks/0hJYOWbAoqYCICLXdx6rYH",FALSE,"die in california (feat. Gunna, Young Thug & Landon Barker)",NA,18,"track","spotify:track:0hJYOWbAoqYCICLXdx6rYH","https://open.spotify.com/track/0hJYOWbAoqYCICLXdx6rYH","mainstream sellout (life in pink deluxe)","D","major","D major"
"mgk","6TIYQ3jFPwQSRmorSezPxX","5mj5NblnMMm5G3n1cugGH7","album","2022-06-24",2022,"day",0.579,0.792,6,-5.499,0,0.0326,0.000404,0,0.207,0.637,125.033,"0d7px9m5o7yP8zcIYiyn5A","https://api.spotify.com/v1/audio-analysis/0d7px9m5o7yP8zcIYiyn5A",4,1,189981,TRUE,"https://api.spotify.com/v1/tracks/0d7px9m5o7yP8zcIYiyn5A",FALSE,"sid & nancy",NA,19,"track","spotify:track:0d7px9m5o7yP8zcIYiyn5A","https://open.spotify.com/track/0d7px9m5o7yP8zcIYiyn5A","mainstream sellout (life in pink deluxe)","F#","minor","F# minor"
"mgk","6TIYQ3jFPwQSRmorSezPxX","5mj5NblnMMm5G3n1cugGH7","album","2022-06-24",2022,"day",0.402,0.27,0,-8.275,1,0.0342,0.46,0,0.235,0.123,140.036,"17ld386MwGPI1Yc8TY2xiz","https://api.spotify.com/v1/audio-analysis/17ld386MwGPI1Yc8TY2xiz",3,1,239212,FALSE,"https://api.spotify.com/v1/tracks/17ld386MwGPI1Yc8TY2xiz",FALSE,"twin flame",NA,20,"track","spotify:track:17ld386MwGPI1Yc8TY2xiz","https://open.spotify.com/track/17ld386MwGPI1Yc8TY2xiz","mainstream sellout (life in pink deluxe)","C","major","C major"
"mgk","6TIYQ3jFPwQSRmorSezPxX","5mj5NblnMMm5G3n1cugGH7","album","2022-06-24",2022,"day",0.379,0.853,4,-5.221,1,0.0768,0.0109,2.56e-06,0.958,0.176,139.996,"7cehvOTCvubpbcByiu3mHj","https://api.spotify.com/v1/audio-analysis/7cehvOTCvubpbcByiu3mHj",4,1,244259,TRUE,"https://api.spotify.com/v1/tracks/7cehvOTCvubpbcByiu3mHj",FALSE,"papercuts - live from red rocks",NA,21,"track","spotify:track:7cehvOTCvubpbcByiu3mHj","https://open.spotify.com/track/7cehvOTCvubpbcByiu3mHj","mainstream sellout (life in pink deluxe)","E","major","E major"
"mgk","6TIYQ3jFPwQSRmorSezPxX","5mj5NblnMMm5G3n1cugGH7","album","2022-06-24",2022,"day",0.645,0.478,9,-6.186,1,0.0358,0.599,0,0.0884,0.433,149.824,"42zvj6KEuxB5ZSa5ea0Lyh","https://api.spotify.com/v1/audio-analysis/42zvj6KEuxB5ZSa5ea0Lyh",4,1,174991,TRUE,"https://api.spotify.com/v1/tracks/42zvj6KEuxB5ZSa5ea0Lyh",FALSE,"maybe (feat. Bring Me The Horizon) - acoustic version",NA,22,"track","spotify:track:42zvj6KEuxB5ZSa5ea0Lyh","https://open.spotify.com/track/42zvj6KEuxB5ZSa5ea0Lyh","mainstream sellout (life in pink deluxe)","A","major","A major"
"mgk","6TIYQ3jFPwQSRmorSezPxX","3sKZHtQoq3tPtkXbT8PJAc","album","2022-03-25",2022,"day",0.569,0.919,11,-5.378,1,0.135,0.00089,9.44e-05,0.0524,0.256,95.073,"6HC6V5flWY29ON64Y7XNMS","https://api.spotify.com/v1/audio-analysis/6HC6V5flWY29ON64Y7XNMS",4,1,147943,FALSE,"https://api.spotify.com/v1/tracks/6HC6V5flWY29ON64Y7XNMS",FALSE,"born with horns",NA,1,"track","spotify:track:6HC6V5flWY29ON64Y7XNMS","https://open.spotify.com/track/6HC6V5flWY29ON64Y7XNMS","mainstream sellout","B","major","B major"
"mgk","6TIYQ3jFPwQSRmorSezPxX","3sKZHtQoq3tPtkXbT8PJAc","album","2022-03-25",2022,"day",0.536,0.809,4,-5.47,1,0.0898,0.0297,0,0.292,0.604,168.003,"5TEib5VIhLhDVj3pmoeK7W","https://api.spotify.com/v1/audio-analysis/5TEib5VIhLhDVj3pmoeK7W",4,1,180469,TRUE,"https://api.spotify.com/v1/tracks/5TEib5VIhLhDVj3pmoeK7W",FALSE,"god save me",NA,2,"track","spotify:track:5TEib5VIhLhDVj3pmoeK7W","https://open.spotify.com/track/5TEib5VIhLhDVj3pmoeK7W","mainstream sellout","E","major","E major"
"mgk","6TIYQ3jFPwQSRmorSezPxX","3sKZHtQoq3tPtkXbT8PJAc","album","2022-03-25",2022,"day",0.601,0.92,5,-4.802,0,0.0505,0.000735,0,0.0998,0.537,88.014,"25wdC7CJmCJPgnKw9rYquJ","https://api.spotify.com/v1/audio-analysis/25wdC7CJmCJPgnKw9rYquJ",4,1,170133,TRUE,"https://api.spotify.com/v1/tracks/25wdC7CJmCJPgnKw9rYquJ",FALSE,"maybe (feat. Bring Me The Horizon)",NA,3,"track","spotify:track:25wdC7CJmCJPgnKw9rYquJ","https://open.spotify.com/track/25wdC7CJmCJPgnKw9rYquJ","mainstream sellout","F","minor","F minor"
"mgk","6TIYQ3jFPwQSRmorSezPxX","3sKZHtQoq3tPtkXbT8PJAc","album","2022-03-25",2022,"day",0.633,0.717,10,-3.875,1,0.0493,0.00602,0,0.151,0.602,142.951,"4Gm1VAxKdLS9aL7bkbZZyr","https://api.spotify.com/v1/audio-analysis/4Gm1VAxKdLS9aL7bkbZZyr",4,1,172283,TRUE,"https://api.spotify.com/v1/tracks/4Gm1VAxKdLS9aL7bkbZZyr",FALSE,"drug dealer (feat. Lil Wayne)",NA,4,"track","spotify:track:4Gm1VAxKdLS9aL7bkbZZyr","https://open.spotify.com/track/4Gm1VAxKdLS9aL7bkbZZyr","mainstream sellout","A#","major","A# major"
"mgk","6TIYQ3jFPwQSRmorSezPxX","3sKZHtQoq3tPtkXbT8PJAc","album","2022-03-25",2022,"day",0.817,0.495,9,-10.42,0,0.927,0.73,0,0.286,0.571,48.413,"2joYmtPA1VDAcCKsuaYLR3","https://api.spotify.com/v1/audio-analysis/2joYmtPA1VDAcCKsuaYLR3",3,1,32812,FALSE,"https://api.spotify.com/v1/tracks/2joYmtPA1VDAcCKsuaYLR3",FALSE,"wall of fame - interlude",NA,5,"track","spotify:track:2joYmtPA1VDAcCKsuaYLR3","https://open.spotify.com/track/2joYmtPA1VDAcCKsuaYLR3","mainstream sellout","A","minor","A minor"
"mgk","6TIYQ3jFPwQSRmorSezPxX","3sKZHtQoq3tPtkXbT8PJAc","album","2022-03-25",2022,"day",0.541,0.693,1,-4.252,1,0.0612,0.000209,0.00103,0.0553,0.483,142.086,"0XugRTkCzcwTJ0ZZJbeVHO","https://api.spotify.com/v1/audio-analysis/0XugRTkCzcwTJ0ZZJbeVHO",4,1,107849,TRUE,"https://api.spotify.com/v1/tracks/0XugRTkCzcwTJ0ZZJbeVHO",FALSE,"mainstream sellout",NA,6,"track","spotify:track:0XugRTkCzcwTJ0ZZJbeVHO","https://open.spotify.com/track/0XugRTkCzcwTJ0ZZJbeVHO","mainstream sellout","C#","major","C# major"
"mgk","6TIYQ3jFPwQSRmorSezPxX","3sKZHtQoq3tPtkXbT8PJAc","album","2022-03-25",2022,"day",0.665,0.678,5,-4.122,0,0.0315,0.00156,0,0.474,0.682,131.986,"50eJOxJiGmJ7PBZaTKpje1","https://api.spotify.com/v1/audio-analysis/50eJOxJiGmJ7PBZaTKpje1",4,1,122570,TRUE,"https://api.spotify.com/v1/tracks/50eJOxJiGmJ7PBZaTKpje1",FALSE,"make up sex (feat. blackbear)",NA,7,"track","spotify:track:50eJOxJiGmJ7PBZaTKpje1","https://open.spotify.com/track/50eJOxJiGmJ7PBZaTKpje1","mainstream sellout","F","minor","F minor"
"mgk","6TIYQ3jFPwQSRmorSezPxX","3sKZHtQoq3tPtkXbT8PJAc","album","2022-03-25",2022,"day",0.412,0.881,2,-3.502,1,0.087,0.00039,5.82e-05,0.923,0.359,165.012,"3tBZ60j1jQ7NJm8IjelyQe","https://api.spotify.com/v1/audio-analysis/3tBZ60j1jQ7NJm8IjelyQe",4,1,159096,TRUE,"https://api.spotify.com/v1/tracks/3tBZ60j1jQ7NJm8IjelyQe",FALSE,"emo girl (feat. WILLOW)",NA,8,"track","spotify:track:3tBZ60j1jQ7NJm8IjelyQe","https://open.spotify.com/track/3tBZ60j1jQ7NJm8IjelyQe","mainstream sellout","D","major","D major"
"mgk","6TIYQ3jFPwQSRmorSezPxX","3sKZHtQoq3tPtkXbT8PJAc","album","2022-03-25",2022,"day",0.535,0.94,11,-4.811,1,0.0973,0.000181,0.00134,0.0631,0.536,157.994,"14UzhtAQyCRGsuSjInmiJi","https://api.spotify.com/v1/audio-analysis/14UzhtAQyCRGsuSjInmiJi",4,1,174848,FALSE,"https://api.spotify.com/v1/tracks/14UzhtAQyCRGsuSjInmiJi",FALSE,"5150",NA,9,"track","spotify:track:14UzhtAQyCRGsuSjInmiJi","https://open.spotify.com/track/14UzhtAQyCRGsuSjInmiJi","mainstream sellout","B","major","B major"
"mgk","6TIYQ3jFPwQSRmorSezPxX","3sKZHtQoq3tPtkXbT8PJAc","album","2022-03-25",2022,"day",0.587,0.725,4,-5.327,1,0.0562,0.0719,1.11e-06,0.38,0.441,140.015,"1Fa7pBvVjFkMjNW3mAXkr3","https://api.spotify.com/v1/audio-analysis/1Fa7pBvVjFkMjNW3mAXkr3",4,1,181039,TRUE,"https://api.spotify.com/v1/tracks/1Fa7pBvVjFkMjNW3mAXkr3",FALSE,"papercuts - album edit",NA,10,"track","spotify:track:1Fa7pBvVjFkMjNW3mAXkr3","https://open.spotify.com/track/1Fa7pBvVjFkMjNW3mAXkr3","mainstream sellout","E","major","E major"
"mgk","6TIYQ3jFPwQSRmorSezPxX","3sKZHtQoq3tPtkXbT8PJAc","album","2022-03-25",2022,"day",0.428,0.965,11,-4.488,1,0.32,0.00446,0,0.364,0.704,170.185,"3kdl5TGq3lZgkA756bKkIq","https://api.spotify.com/v1/audio-analysis/3kdl5TGq3lZgkA756bKkIq",5,1,72577,TRUE,"https://api.spotify.com/v1/tracks/3kdl5TGq3lZgkA756bKkIq",FALSE,"WW4",NA,11,"track","spotify:track:3kdl5TGq3lZgkA756bKkIq","https://open.spotify.com/track/3kdl5TGq3lZgkA756bKkIq","mainstream sellout","B","major","B major"
"mgk","6TIYQ3jFPwQSRmorSezPxX","3sKZHtQoq3tPtkXbT8PJAc","album","2022-03-25",2022,"day",0.742,0.617,2,-6.689,1,0.0345,0.05,5.92e-05,0.0711,0.491,147.002,"1T4tQ4SSagbhAKpvcWg035","https://api.spotify.com/v1/audio-analysis/1T4tQ4SSagbhAKpvcWg035",4,1,124188,TRUE,"https://api.spotify.com/v1/tracks/1T4tQ4SSagbhAKpvcWg035",FALSE,"ay! (feat. Lil Wayne)",NA,12,"track","spotify:track:1T4tQ4SSagbhAKpvcWg035","https://open.spotify.com/track/1T4tQ4SSagbhAKpvcWg035","mainstream sellout","D","major","D major"
"mgk","6TIYQ3jFPwQSRmorSezPxX","3sKZHtQoq3tPtkXbT8PJAc","album","2022-03-25",2022,"day",0.659,0.733,8,-4.878,1,0.0577,0.0226,0,0.205,0.763,146.053,"4UHyrGQCHu0Orh2utUxbNY","https://api.spotify.com/v1/audio-analysis/4UHyrGQCHu0Orh2utUxbNY",4,1,143204,FALSE,"https://api.spotify.com/v1/tracks/4UHyrGQCHu0Orh2utUxbNY",FALSE,"fake love don't last (feat. iann dior)",NA,13,"track","spotify:track:4UHyrGQCHu0Orh2utUxbNY","https://open.spotify.com/track/4UHyrGQCHu0Orh2utUxbNY","mainstream sellout","G#","major","G# major"
"mgk","6TIYQ3jFPwQSRmorSezPxX","3sKZHtQoq3tPtkXbT8PJAc","album","2022-03-25",2022,"day",0.765,0.606,2,-7.495,1,0.0572,0.238,4.14e-06,0.088,0.197,98.948,"28ZGbkz2MDnpvHhSRQw4f1","https://api.spotify.com/v1/audio-analysis/28ZGbkz2MDnpvHhSRQw4f1",4,1,207007,TRUE,"https://api.spotify.com/v1/tracks/28ZGbkz2MDnpvHhSRQw4f1",FALSE,"die in california (feat. Gunna, Young Thug & Landon Barker)",NA,14,"track","spotify:track:28ZGbkz2MDnpvHhSRQw4f1","https://open.spotify.com/track/28ZGbkz2MDnpvHhSRQw4f1","mainstream sellout","D","major","D major"
"mgk","6TIYQ3jFPwQSRmorSezPxX","3sKZHtQoq3tPtkXbT8PJAc","album","2022-03-25",2022,"day",0.579,0.792,6,-5.499,0,0.0326,0.000404,0,0.207,0.637,125.033,"3lzVf5nFSdH0RYivtf9V6C","https://api.spotify.com/v1/audio-analysis/3lzVf5nFSdH0RYivtf9V6C",4,1,189981,TRUE,"https://api.spotify.com/v1/tracks/3lzVf5nFSdH0RYivtf9V6C",FALSE,"sid & nancy",NA,15,"track","spotify:track:3lzVf5nFSdH0RYivtf9V6C","https://open.spotify.com/track/3lzVf5nFSdH0RYivtf9V6C","mainstream sellout","F#","minor","F# minor"
"mgk","6TIYQ3jFPwQSRmorSezPxX","3sKZHtQoq3tPtkXbT8PJAc","album","2022-03-25",2022,"day",0.402,0.27,0,-8.275,1,0.0342,0.46,0,0.235,0.123,140.036,"4pR5ZEROnKQpJttWNn5er6","https://api.spotify.com/v1/audio-analysis/4pR5ZEROnKQpJttWNn5er6",3,1,239212,FALSE,"https://api.spotify.com/v1/tracks/4pR5ZEROnKQpJttWNn5er6",FALSE,"twin flame",NA,16,"track","spotify:track:4pR5ZEROnKQpJttWNn5er6","https://open.spotify.com/track/4pR5ZEROnKQpJttWNn5er6","mainstream sellout","C","major","C major"
"mgk","6TIYQ3jFPwQSRmorSezPxX","13lMLnHs5qsmm687oRc3VC","album","2020-09-29",2020,"day",0.268,0.829,7,-5.17,1,0.101,0.00107,0,0.157,0.351,199.886,"6yluLIF5UowR56bZgIwd69","https://api.spotify.com/v1/audio-analysis/6yluLIF5UowR56bZgIwd69",4,1,165967,TRUE,"https://api.spotify.com/v1/tracks/6yluLIF5UowR56bZgIwd69",FALSE,"title track",NA,1,"track","spotify:track:6yluLIF5UowR56bZgIwd69","https://open.spotify.com/track/6yluLIF5UowR56bZgIwd69","Tickets To My Downfall (SOLD OUT Deluxe)","G","major","G major"
"mgk","6TIYQ3jFPwQSRmorSezPxX","13lMLnHs5qsmm687oRc3VC","album","2020-09-29",2020,"day",0.569,0.85,1,-5.134,1,0.055,0.000279,0,0.337,0.769,162.061,"26gSBcw01jGFdkbWY5Plei","https://api.spotify.com/v1/audio-analysis/26gSBcw01jGFdkbWY5Plei",4,1,138097,TRUE,"https://api.spotify.com/v1/tracks/26gSBcw01jGFdkbWY5Plei",FALSE,"kiss kiss",NA,2,"track","spotify:track:26gSBcw01jGFdkbWY5Plei","https://open.spotify.com/track/26gSBcw01jGFdkbWY5Plei","Tickets To My Downfall (SOLD OUT Deluxe)","C#","major","C# major"
"mgk","6TIYQ3jFPwQSRmorSezPxX","13lMLnHs5qsmm687oRc3VC","album","2020-09-29",2020,"day",0.691,0.77,7,-4.578,0,0.0367,0.0282,0,0.497,0.344,90.024,"7eTXHE3XiucigdrYHrXpZK","https://api.spotify.com/v1/audio-analysis/7eTXHE3XiucigdrYHrXpZK",4,1,143900,TRUE,"https://api.spotify.com/v1/tracks/7eTXHE3XiucigdrYHrXpZK",FALSE,"drunk face",NA,3,"track","spotify:track:7eTXHE3XiucigdrYHrXpZK","https://open.spotify.com/track/7eTXHE3XiucigdrYHrXpZK","Tickets To My Downfall (SOLD OUT Deluxe)","G","minor","G minor"
"mgk","6TIYQ3jFPwQSRmorSezPxX","13lMLnHs5qsmm687oRc3VC","album","2020-09-29",2020,"day",0.533,0.858,2,-4.212,1,0.0766,0.00021,0,0.148,0.506,160.057,"7FfCyM2CMWorArcWFtQ7ZX","https://api.spotify.com/v1/audio-analysis/7FfCyM2CMWorArcWFtQ7ZX",4,1,205158,TRUE,"https://api.spotify.com/v1/tracks/7FfCyM2CMWorArcWFtQ7ZX",FALSE,"bloody valentine",NA,4,"track","spotify:track:7FfCyM2CMWorArcWFtQ7ZX","https://open.spotify.com/track/7FfCyM2CMWorArcWFtQ7ZX","Tickets To My Downfall (SOLD OUT Deluxe)","D","major","D major"
"mgk","6TIYQ3jFPwQSRmorSezPxX","13lMLnHs5qsmm687oRc3VC","album","2020-09-29",2020,"day",0.654,0.875,1,-4.845,1,0.0744,0.000417,0.0086,0.194,0.522,99.975,"1UJvaNw3UufXObCph26Li9","https://api.spotify.com/v1/audio-analysis/1UJvaNw3UufXObCph26Li9",4,1,171620,TRUE,"https://api.spotify.com/v1/tracks/1UJvaNw3UufXObCph26Li9",FALSE,"forget me too (feat. Halsey)",NA,5,"track","spotify:track:1UJvaNw3UufXObCph26Li9","https://open.spotify.com/track/1UJvaNw3UufXObCph26Li9","Tickets To My Downfall (SOLD OUT Deluxe)","C#","major","C# major"
"mgk","6TIYQ3jFPwQSRmorSezPxX","13lMLnHs5qsmm687oRc3VC","album","2020-09-29",2020,"day",0.712,0.624,9,-6.911,1,0.067,0.0342,4.91e-05,0.0919,0.335,77.471,"5Vx0dXQM4yRn8jf87406Op","https://api.spotify.com/v1/audio-analysis/5Vx0dXQM4yRn8jf87406Op",4,1,129142,TRUE,"https://api.spotify.com/v1/tracks/5Vx0dXQM4yRn8jf87406Op",FALSE,"all I know (feat. Trippie Redd)",NA,6,"track","spotify:track:5Vx0dXQM4yRn8jf87406Op","https://open.spotify.com/track/5Vx0dXQM4yRn8jf87406Op","Tickets To My Downfall (SOLD OUT Deluxe)","A","major","A major"
"mgk","6TIYQ3jFPwQSRmorSezPxX","13lMLnHs5qsmm687oRc3VC","album","2020-09-29",2020,"day",0.455,0.728,6,-6.62,0,0.0749,0.015,4.74e-05,0.111,0.461,165.948,"4cJMTTVlG4zefUr4mNITuQ","https://api.spotify.com/v1/audio-analysis/4cJMTTVlG4zefUr4mNITuQ",3,1,190142,TRUE,"https://api.spotify.com/v1/tracks/4cJMTTVlG4zefUr4mNITuQ",FALSE,"lonely",NA,7,"track","spotify:track:4cJMTTVlG4zefUr4mNITuQ","https://open.spotify.com/track/4cJMTTVlG4zefUr4mNITuQ","Tickets To My Downfall (SOLD OUT Deluxe)","F#","minor","F# minor"
"mgk","6TIYQ3jFPwQSRmorSezPxX","13lMLnHs5qsmm687oRc3VC","album","2020-09-29",2020,"day",0.435,0.932,4,-3.652,1,0.148,7.47e-05,1.31e-06,0.12,0.812,160.084,"3IoyR0WTLcC8NsudZKh37e","https://api.spotify.com/v1/audio-analysis/3IoyR0WTLcC8NsudZKh37e",4,1,59739,TRUE,"https://api.spotify.com/v1/tracks/3IoyR0WTLcC8NsudZKh37e",FALSE,"WWIII",NA,8,"track","spotify:track:3IoyR0WTLcC8NsudZKh37e","https://open.spotify.com/track/3IoyR0WTLcC8NsudZKh37e","Tickets To My Downfall (SOLD OUT Deluxe)","E","major","E major"
"mgk","6TIYQ3jFPwQSRmorSezPxX","13lMLnHs5qsmm687oRc3VC","album","2020-09-29",2020,"day",0.603,0.626,7,-12.27,1,0.947,0.887,2.67e-06,0.733,0.226,181.151,"0VcuWdt5u4wULTqGR65d6P","https://api.spotify.com/v1/audio-analysis/0VcuWdt5u4wULTqGR65d6P",1,1,83297,TRUE,"https://api.spotify.com/v1/tracks/0VcuWdt5u4wULTqGR65d6P",FALSE,"kevin and barracuda - interlude",NA,9,"track","spotify:track:0VcuWdt5u4wULTqGR65d6P","https://open.spotify.com/track/0VcuWdt5u4wULTqGR65d6P","Tickets To My Downfall (SOLD OUT Deluxe)","G","major","G major"
"mgk","6TIYQ3jFPwQSRmorSezPxX","13lMLnHs5qsmm687oRc3VC","album","2020-09-29",2020,"day",0.507,0.951,11,-2.999,1,0.0586,0.00032,0,0.33,0.692,95.016,"2N2q2P0N86ZNS6mKYXoojf","https://api.spotify.com/v1/audio-analysis/2N2q2P0N86ZNS6mKYXoojf",4,1,160222,TRUE,"https://api.spotify.com/v1/tracks/2N2q2P0N86ZNS6mKYXoojf",FALSE,"concert for aliens",NA,10,"track","spotify:track:2N2q2P0N86ZNS6mKYXoojf","https://open.spotify.com/track/2N2q2P0N86ZNS6mKYXoojf","Tickets To My Downfall (SOLD OUT Deluxe)","B","major","B major"
"mgk","6TIYQ3jFPwQSRmorSezPxX","13lMLnHs5qsmm687oRc3VC","album","2020-09-29",2020,"day",0.731,0.675,5,-5.134,0,0.0434,0.00473,0,0.141,0.298,124.939,"2pIAlUHOhM9ijF4kJr7ZNY","https://api.spotify.com/v1/audio-analysis/2pIAlUHOhM9ijF4kJr7ZNY",4,1,139460,TRUE,"https://api.spotify.com/v1/tracks/2pIAlUHOhM9ijF4kJr7ZNY",FALSE,"my ex's best friend (with blackbear)",NA,11,"track","spotify:track:2pIAlUHOhM9ijF4kJr7ZNY","https://open.spotify.com/track/2pIAlUHOhM9ijF4kJr7ZNY","Tickets To My Downfall (SOLD OUT Deluxe)","F","minor","F minor"
"mgk","6TIYQ3jFPwQSRmorSezPxX","13lMLnHs5qsmm687oRc3VC","album","2020-09-29",2020,"day",0.707,0.576,2,-5.665,1,0.0364,0.000615,0,0.405,0.632,128.08,"7EAvqzE3B4S53jH1bjkuCe","https://api.spotify.com/v1/audio-analysis/7EAvqzE3B4S53jH1bjkuCe",4,1,117579,TRUE,"https://api.spotify.com/v1/tracks/7EAvqzE3B4S53jH1bjkuCe",FALSE,"jawbreaker",NA,12,"track","spotify:track:7EAvqzE3B4S53jH1bjkuCe","https://open.spotify.com/track/7EAvqzE3B4S53jH1bjkuCe","Tickets To My Downfall (SOLD OUT Deluxe)","D","major","D major"
"mgk","6TIYQ3jFPwQSRmorSezPxX","13lMLnHs5qsmm687oRc3VC","album","2020-09-29",2020,"day",0.561,0.81,8,-4.754,0,0.0461,0.00047,0,0.157,0.508,87.5,"5jlivIdjjp1pP5HvN0J0QI","https://api.spotify.com/v1/audio-analysis/5jlivIdjjp1pP5HvN0J0QI",4,1,172234,TRUE,"https://api.spotify.com/v1/tracks/5jlivIdjjp1pP5HvN0J0QI",FALSE,"nothing inside (feat. iann dior)",NA,13,"track","spotify:track:5jlivIdjjp1pP5HvN0J0QI","https://open.spotify.com/track/5jlivIdjjp1pP5HvN0J0QI","Tickets To My Downfall (SOLD OUT Deluxe)","G#","minor","G# minor"
"mgk","6TIYQ3jFPwQSRmorSezPxX","13lMLnHs5qsmm687oRc3VC","album","2020-09-29",2020,"day",0.477,0.592,7,-8.693,1,0.0554,0.129,0,0.257,0.249,82.387,"6yK8yu72dXsQDWRdZ1OKaL","https://api.spotify.com/v1/audio-analysis/6yK8yu72dXsQDWRdZ1OKaL",4,1,91143,TRUE,"https://api.spotify.com/v1/tracks/6yK8yu72dXsQDWRdZ1OKaL",FALSE,"banyan tree - interlude",NA,14,"track","spotify:track:6yK8yu72dXsQDWRdZ1OKaL","https://open.spotify.com/track/6yK8yu72dXsQDWRdZ1OKaL","Tickets To My Downfall (SOLD OUT Deluxe)","G","major","G major"
"mgk","6TIYQ3jFPwQSRmorSezPxX","13lMLnHs5qsmm687oRc3VC","album","2020-09-29",2020,"day",0.677,0.443,0,-9.375,1,0.027,0.514,0,0.107,0.629,137.089,"3piGeiIp5UJATvb9e9n1Z5","https://api.spotify.com/v1/audio-analysis/3piGeiIp5UJATvb9e9n1Z5",4,1,202213,TRUE,"https://api.spotify.com/v1/tracks/3piGeiIp5UJATvb9e9n1Z5",FALSE,"play this when i'm gone",NA,15,"track","spotify:track:3piGeiIp5UJATvb9e9n1Z5","https://open.spotify.com/track/3piGeiIp5UJATvb9e9n1Z5","Tickets To My Downfall (SOLD OUT Deluxe)","C","major","C major"
"mgk","6TIYQ3jFPwQSRmorSezPxX","13lMLnHs5qsmm687oRc3VC","album","2020-09-29",2020,"day",0.575,0.959,1,-2.469,0,0.108,0.000192,0,0.0515,0.642,110.973,"0NZrY7Lc9g6V03hxRpfToV","https://api.spotify.com/v1/audio-analysis/0NZrY7Lc9g6V03hxRpfToV",4,1,170074,TRUE,"https://api.spotify.com/v1/tracks/0NZrY7Lc9g6V03hxRpfToV",FALSE,"body bag (feat. YUNGBLUD & Bert McCracken of The Used)",NA,16,"track","spotify:track:0NZrY7Lc9g6V03hxRpfToV","https://open.spotify.com/track/0NZrY7Lc9g6V03hxRpfToV","Tickets To My Downfall (SOLD OUT Deluxe)","C#","minor","C# minor"
"mgk","6TIYQ3jFPwQSRmorSezPxX","13lMLnHs5qsmm687oRc3VC","album","2020-09-29",2020,"day",0.373,0.842,11,-3.327,1,0.0757,0.164,0,0.102,0.579,170.149,"3FftYzkNisNH913O0KLgiO","https://api.spotify.com/v1/audio-analysis/3FftYzkNisNH913O0KLgiO",4,1,159586,TRUE,"https://api.spotify.com/v1/tracks/3FftYzkNisNH913O0KLgiO",FALSE,"hangover cure",NA,17,"track","spotify:track:3FftYzkNisNH913O0KLgiO","https://open.spotify.com/track/3FftYzkNisNH913O0KLgiO","Tickets To My Downfall (SOLD OUT Deluxe)","B","major","B major"
"mgk","6TIYQ3jFPwQSRmorSezPxX","13lMLnHs5qsmm687oRc3VC","album","2020-09-29",2020,"day",0.505,0.86,2,-3.708,1,0.205,0.00957,0,0.597,0.749,155.178,"4ysgA7BNxkyN6Aibc5CZsw","https://api.spotify.com/v1/audio-analysis/4ysgA7BNxkyN6Aibc5CZsw",4,1,165677,TRUE,"https://api.spotify.com/v1/tracks/4ysgA7BNxkyN6Aibc5CZsw",FALSE,"split a pill",NA,18,"track","spotify:track:4ysgA7BNxkyN6Aibc5CZsw","https://open.spotify.com/track/4ysgA7BNxkyN6Aibc5CZsw","Tickets To My Downfall (SOLD OUT Deluxe)","D","major","D major"
"mgk","6TIYQ3jFPwQSRmorSezPxX","13lMLnHs5qsmm687oRc3VC","album","2020-09-29",2020,"day",0.605,0.711,8,-3.592,0,0.0353,0.158,0,0.109,0.408,128.151,"0SrNeyEck4arq4ASwjcq0H","https://api.spotify.com/v1/audio-analysis/0SrNeyEck4arq4ASwjcq0H",4,1,130312,TRUE,"https://api.spotify.com/v1/tracks/0SrNeyEck4arq4ASwjcq0H",FALSE,"can't look back",NA,19,"track","spotify:track:0SrNeyEck4arq4ASwjcq0H","https://open.spotify.com/track/0SrNeyEck4arq4ASwjcq0H","Tickets To My Downfall (SOLD OUT Deluxe)","G#","minor","G# minor"
"mgk","6TIYQ3jFPwQSRmorSezPxX","13lMLnHs5qsmm687oRc3VC","album","2020-09-29",2020,"day",0.461,0.867,11,-3.586,1,0.152,0.000674,0,0.371,0.717,170.015,"5YEHrYUjG9e0VPQLCp6vGo","https://api.spotify.com/v1/audio-analysis/5YEHrYUjG9e0VPQLCp6vGo",4,1,201176,FALSE,"https://api.spotify.com/v1/tracks/5YEHrYUjG9e0VPQLCp6vGo",FALSE,"Misery Business",NA,20,"track","spotify:track:5YEHrYUjG9e0VPQLCp6vGo","https://open.spotify.com/track/5YEHrYUjG9e0VPQLCp6vGo","Tickets To My Downfall (SOLD OUT Deluxe)","B","major","B major"
"mgk","6TIYQ3jFPwQSRmorSezPxX","13lMLnHs5qsmm687oRc3VC","album","2020-09-29",2020,"day",0.658,0.425,7,-6.621,0,0.0401,0.634,0,0.129,0.227,140.067,"0JX0AJ8kncF5iv8C42J1OU","https://api.spotify.com/v1/audio-analysis/0JX0AJ8kncF5iv8C42J1OU",4,1,195857,TRUE,"https://api.spotify.com/v1/tracks/0JX0AJ8kncF5iv8C42J1OU",FALSE,"bloody valentine - Acoustic",NA,21,"track","spotify:track:0JX0AJ8kncF5iv8C42J1OU","https://open.spotify.com/track/0JX0AJ8kncF5iv8C42J1OU","Tickets To My Downfall (SOLD OUT Deluxe)","G","minor","G minor"
"mgk","6TIYQ3jFPwQSRmorSezPxX","57lgFncHBYu5E3igZnuCJK","album","2020-09-25",2020,"day",0.268,0.829,7,-5.17,1,0.101,0.00107,0,0.157,0.351,199.886,"4kDgnKgZTX6puRz9EoNjle","https://api.spotify.com/v1/audio-analysis/4kDgnKgZTX6puRz9EoNjle",4,1,165967,TRUE,"https://api.spotify.com/v1/tracks/4kDgnKgZTX6puRz9EoNjle",FALSE,"title track",NA,1,"track","spotify:track:4kDgnKgZTX6puRz9EoNjle","https://open.spotify.com/track/4kDgnKgZTX6puRz9EoNjle","Tickets To My Downfall","G","major","G major"
"mgk","6TIYQ3jFPwQSRmorSezPxX","57lgFncHBYu5E3igZnuCJK","album","2020-09-25",2020,"day",0.569,0.85,1,-5.134,1,0.055,0.000279,0,0.337,0.769,162.061,"69LvvkHnFFnX3d5eNObtMo","https://api.spotify.com/v1/audio-analysis/69LvvkHnFFnX3d5eNObtMo",4,1,138097,TRUE,"https://api.spotify.com/v1/tracks/69LvvkHnFFnX3d5eNObtMo",FALSE,"kiss kiss",NA,2,"track","spotify:track:69LvvkHnFFnX3d5eNObtMo","https://open.spotify.com/track/69LvvkHnFFnX3d5eNObtMo","Tickets To My Downfall","C#","major","C# major"
"mgk","6TIYQ3jFPwQSRmorSezPxX","57lgFncHBYu5E3igZnuCJK","album","2020-09-25",2020,"day",0.691,0.77,7,-4.578,0,0.0367,0.0282,0,0.497,0.344,90.024,"3k0YJnqMKRZb8swo86vCkq","https://api.spotify.com/v1/audio-analysis/3k0YJnqMKRZb8swo86vCkq",4,1,143900,TRUE,"https://api.spotify.com/v1/tracks/3k0YJnqMKRZb8swo86vCkq",FALSE,"drunk face",NA,3,"track","spotify:track:3k0YJnqMKRZb8swo86vCkq","https://open.spotify.com/track/3k0YJnqMKRZb8swo86vCkq","Tickets To My Downfall","G","minor","G minor"
"mgk","6TIYQ3jFPwQSRmorSezPxX","57lgFncHBYu5E3igZnuCJK","album","2020-09-25",2020,"day",0.533,0.858,2,-4.212,1,0.0766,0.00021,0,0.148,0.506,160.057,"6mADjHs6FXdroPzEGW6KVJ","https://api.spotify.com/v1/audio-analysis/6mADjHs6FXdroPzEGW6KVJ",4,1,205158,TRUE,"https://api.spotify.com/v1/tracks/6mADjHs6FXdroPzEGW6KVJ",FALSE,"bloody valentine",NA,4,"track","spotify:track:6mADjHs6FXdroPzEGW6KVJ","https://open.spotify.com/track/6mADjHs6FXdroPzEGW6KVJ","Tickets To My Downfall","D","major","D major"
"mgk","6TIYQ3jFPwQSRmorSezPxX","57lgFncHBYu5E3igZnuCJK","album","2020-09-25",2020,"day",0.654,0.875,1,-4.845,1,0.0744,0.000417,0.0086,0.194,0.522,99.975,"1VSuFS7PahCN3SWbOcQ98m","https://api.spotify.com/v1/audio-analysis/1VSuFS7PahCN3SWbOcQ98m",4,1,171620,TRUE,"https://api.spotify.com/v1/tracks/1VSuFS7PahCN3SWbOcQ98m",FALSE,"forget me too (feat. Halsey)",NA,5,"track","spotify:track:1VSuFS7PahCN3SWbOcQ98m","https://open.spotify.com/track/1VSuFS7PahCN3SWbOcQ98m","Tickets To My Downfall","C#","major","C# major"
"mgk","6TIYQ3jFPwQSRmorSezPxX","57lgFncHBYu5E3igZnuCJK","album","2020-09-25",2020,"day",0.712,0.624,9,-6.911,1,0.067,0.0342,4.91e-05,0.0919,0.335,77.471,"1vuUbnY82fCNjfzqjLmblw","https://api.spotify.com/v1/audio-analysis/1vuUbnY82fCNjfzqjLmblw",4,1,129142,TRUE,"https://api.spotify.com/v1/tracks/1vuUbnY82fCNjfzqjLmblw",FALSE,"all I know (feat. Trippie Redd)",NA,6,"track","spotify:track:1vuUbnY82fCNjfzqjLmblw","https://open.spotify.com/track/1vuUbnY82fCNjfzqjLmblw","Tickets To My Downfall","A","major","A major"
"mgk","6TIYQ3jFPwQSRmorSezPxX","57lgFncHBYu5E3igZnuCJK","album","2020-09-25",2020,"day",0.455,0.728,6,-6.62,0,0.0749,0.015,4.74e-05,0.111,0.461,165.948,"6EPxapAlha7pEyn5kXgW3R","https://api.spotify.com/v1/audio-analysis/6EPxapAlha7pEyn5kXgW3R",3,1,190142,TRUE,"https://api.spotify.com/v1/tracks/6EPxapAlha7pEyn5kXgW3R",FALSE,"lonely",NA,7,"track","spotify:track:6EPxapAlha7pEyn5kXgW3R","https://open.spotify.com/track/6EPxapAlha7pEyn5kXgW3R","Tickets To My Downfall","F#","minor","F# minor"
"mgk","6TIYQ3jFPwQSRmorSezPxX","57lgFncHBYu5E3igZnuCJK","album","2020-09-25",2020,"day",0.435,0.932,4,-3.652,1,0.148,7.47e-05,1.31e-06,0.12,0.812,160.084,"41ltleYVuvEjnqiygy2rQ3","https://api.spotify.com/v1/audio-analysis/41ltleYVuvEjnqiygy2rQ3",4,1,59739,TRUE,"https://api.spotify.com/v1/tracks/41ltleYVuvEjnqiygy2rQ3",FALSE,"WWIII",NA,8,"track","spotify:track:41ltleYVuvEjnqiygy2rQ3","https://open.spotify.com/track/41ltleYVuvEjnqiygy2rQ3","Tickets To My Downfall","E","major","E major"
"mgk","6TIYQ3jFPwQSRmorSezPxX","57lgFncHBYu5E3igZnuCJK","album","2020-09-25",2020,"day",0.603,0.626,7,-12.27,1,0.947,0.887,2.67e-06,0.733,0.226,181.151,"7Ct4wK3Fpp8vvZGcWy4NCP","https://api.spotify.com/v1/audio-analysis/7Ct4wK3Fpp8vvZGcWy4NCP",1,1,83297,TRUE,"https://api.spotify.com/v1/tracks/7Ct4wK3Fpp8vvZGcWy4NCP",FALSE,"kevin and barracuda - interlude",NA,9,"track","spotify:track:7Ct4wK3Fpp8vvZGcWy4NCP","https://open.spotify.com/track/7Ct4wK3Fpp8vvZGcWy4NCP","Tickets To My Downfall","G","major","G major"
"mgk","6TIYQ3jFPwQSRmorSezPxX","57lgFncHBYu5E3igZnuCJK","album","2020-09-25",2020,"day",0.507,0.951,11,-2.999,1,0.0586,0.00032,0,0.33,0.692,95.016,"7os53rdrgA0OU6xC5xJruX","https://api.spotify.com/v1/audio-analysis/7os53rdrgA0OU6xC5xJruX",4,1,160222,TRUE,"https://api.spotify.com/v1/tracks/7os53rdrgA0OU6xC5xJruX",FALSE,"concert for aliens",NA,10,"track","spotify:track:7os53rdrgA0OU6xC5xJruX","https://open.spotify.com/track/7os53rdrgA0OU6xC5xJruX","Tickets To My Downfall","B","major","B major"
"mgk","6TIYQ3jFPwQSRmorSezPxX","57lgFncHBYu5E3igZnuCJK","album","2020-09-25",2020,"day",0.731,0.675,5,-5.134,0,0.0434,0.00473,0,0.141,0.298,124.939,"7kDUspsoYfLkWnZR7qwHZl","https://api.spotify.com/v1/audio-analysis/7kDUspsoYfLkWnZR7qwHZl",4,1,139460,TRUE,"https://api.spotify.com/v1/tracks/7kDUspsoYfLkWnZR7qwHZl",FALSE,"my ex's best friend (with blackbear)",NA,11,"track","spotify:track:7kDUspsoYfLkWnZR7qwHZl","https://open.spotify.com/track/7kDUspsoYfLkWnZR7qwHZl","Tickets To My Downfall","F","minor","F minor"
"mgk","6TIYQ3jFPwQSRmorSezPxX","57lgFncHBYu5E3igZnuCJK","album","2020-09-25",2020,"day",0.707,0.576,2,-5.665,1,0.0364,0.000615,0,0.405,0.632,128.08,"2iVsPIS2yjS4xhs5Rdy65O","https://api.spotify.com/v1/audio-analysis/2iVsPIS2yjS4xhs5Rdy65O",4,1,117579,TRUE,"https://api.spotify.com/v1/tracks/2iVsPIS2yjS4xhs5Rdy65O",FALSE,"jawbreaker",NA,12,"track","spotify:track:2iVsPIS2yjS4xhs5Rdy65O","https://open.spotify.com/track/2iVsPIS2yjS4xhs5Rdy65O","Tickets To My Downfall","D","major","D major"
"mgk","6TIYQ3jFPwQSRmorSezPxX","57lgFncHBYu5E3igZnuCJK","album","2020-09-25",2020,"day",0.561,0.81,8,-4.754,0,0.0461,0.00047,0,0.157,0.508,87.5,"1eTdTVIxLlhHwwA50vEzZa","https://api.spotify.com/v1/audio-analysis/1eTdTVIxLlhHwwA50vEzZa",4,1,172234,TRUE,"https://api.spotify.com/v1/tracks/1eTdTVIxLlhHwwA50vEzZa",FALSE,"nothing inside (feat. iann dior)",NA,13,"track","spotify:track:1eTdTVIxLlhHwwA50vEzZa","https://open.spotify.com/track/1eTdTVIxLlhHwwA50vEzZa","Tickets To My Downfall","G#","minor","G# minor"
"mgk","6TIYQ3jFPwQSRmorSezPxX","57lgFncHBYu5E3igZnuCJK","album","2020-09-25",2020,"day",0.477,0.592,7,-8.693,1,0.0554,0.129,0,0.257,0.249,82.387,"5rGUAs7Oamox7PY4P42Qzv","https://api.spotify.com/v1/audio-analysis/5rGUAs7Oamox7PY4P42Qzv",4,1,91143,TRUE,"https://api.spotify.com/v1/tracks/5rGUAs7Oamox7PY4P42Qzv",FALSE,"banyan tree - interlude",NA,14,"track","spotify:track:5rGUAs7Oamox7PY4P42Qzv","https://open.spotify.com/track/5rGUAs7Oamox7PY4P42Qzv","Tickets To My Downfall","G","major","G major"
"mgk","6TIYQ3jFPwQSRmorSezPxX","57lgFncHBYu5E3igZnuCJK","album","2020-09-25",2020,"day",0.677,0.443,0,-9.375,1,0.027,0.514,0,0.107,0.629,137.089,"0RFgKcpWImLWmK9WSSHAiC","https://api.spotify.com/v1/audio-analysis/0RFgKcpWImLWmK9WSSHAiC",4,1,202213,TRUE,"https://api.spotify.com/v1/tracks/0RFgKcpWImLWmK9WSSHAiC",FALSE,"play this when i'm gone",NA,15,"track","spotify:track:0RFgKcpWImLWmK9WSSHAiC","https://open.spotify.com/track/0RFgKcpWImLWmK9WSSHAiC","Tickets To My Downfall","C","major","C major"
"mgk","6TIYQ3jFPwQSRmorSezPxX","0bJIHF1Or1YBLFBMwv53K2","album","2019-07-05",2019,"day",0.531,0.343,0,-10.619,1,0.0391,0.116,0.419,0.123,0.102,95.014,"0s8vpu2GVH8MNX2Er3xNYt","https://api.spotify.com/v1/audio-analysis/0s8vpu2GVH8MNX2Er3xNYt",4,1,123167,TRUE,"https://api.spotify.com/v1/tracks/0s8vpu2GVH8MNX2Er3xNYt",FALSE,"Sex Drive",NA,1,"track","spotify:track:0s8vpu2GVH8MNX2Er3xNYt","https://open.spotify.com/track/0s8vpu2GVH8MNX2Er3xNYt","Hotel Diablo","C","major","C major"
"mgk","6TIYQ3jFPwQSRmorSezPxX","0bJIHF1Or1YBLFBMwv53K2","album","2019-07-05",2019,"day",0.765,0.725,3,-3.391,0,0.142,0.00471,0.000194,0.154,0.578,75.003,"2jRmKc69qzGKzGU9SdH5u7","https://api.spotify.com/v1/audio-analysis/2jRmKc69qzGKzGU9SdH5u7",4,1,146264,TRUE,"https://api.spotify.com/v1/tracks/2jRmKc69qzGKzGU9SdH5u7",FALSE,"el Diablo",NA,2,"track","spotify:track:2jRmKc69qzGKzGU9SdH5u7","https://open.spotify.com/track/2jRmKc69qzGKzGU9SdH5u7","Hotel Diablo","D#","minor","D# minor"
"mgk","6TIYQ3jFPwQSRmorSezPxX","0bJIHF1Or1YBLFBMwv53K2","album","2019-07-05",2019,"day",0.734,0.836,6,-5.953,0,0.0817,0.0116,0,0.106,0.214,100.022,"0uFNdjWpogmaJYp2zlNJj5","https://api.spotify.com/v1/audio-analysis/0uFNdjWpogmaJYp2zlNJj5",4,1,203174,TRUE,"https://api.spotify.com/v1/tracks/0uFNdjWpogmaJYp2zlNJj5",FALSE,"Hollywood Whore",NA,3,"track","spotify:track:0uFNdjWpogmaJYp2zlNJj5","https://open.spotify.com/track/0uFNdjWpogmaJYp2zlNJj5","Hotel Diablo","F#","minor","F# minor"
"mgk","6TIYQ3jFPwQSRmorSezPxX","0bJIHF1Or1YBLFBMwv53K2","album","2019-07-05",2019,"day",0.68,0.586,1,-7.01,0,0.0567,0.0174,3.19e-06,0.128,0.196,149.968,"0YP8kt3sAYTj6eEyesreQH","https://api.spotify.com/v1/audio-analysis/0YP8kt3sAYTj6eEyesreQH",4,1,201740,TRUE,"https://api.spotify.com/v1/tracks/0YP8kt3sAYTj6eEyesreQH",FALSE,"Glass House (feat. Naomi Wild)",NA,4,"track","spotify:track:0YP8kt3sAYTj6eEyesreQH","https://open.spotify.com/track/0YP8kt3sAYTj6eEyesreQH","Hotel Diablo","C#","minor","C# minor"
"mgk","6TIYQ3jFPwQSRmorSezPxX","0bJIHF1Or1YBLFBMwv53K2","album","2019-07-05",2019,"day",0.558,0.592,0,-8.104,0,0.153,0.15,0,0.123,0.398,80.788,"1xGxSCtX96DB7inpF2wKIS","https://api.spotify.com/v1/audio-analysis/1xGxSCtX96DB7inpF2wKIS",4,1,216295,TRUE,"https://api.spotify.com/v1/tracks/1xGxSCtX96DB7inpF2wKIS",FALSE,"Burning Memories (feat. Lil Skies)",NA,5,"track","spotify:track:1xGxSCtX96DB7inpF2wKIS","https://open.spotify.com/track/1xGxSCtX96DB7inpF2wKIS","Hotel Diablo","C","minor","C minor"
"mgk","6TIYQ3jFPwQSRmorSezPxX","0bJIHF1Or1YBLFBMwv53K2","album","2019-07-05",2019,"day",0.74,0.198,1,-14.209,0,0.864,0.804,0,0.526,0.456,73.024,"1SGXy6nRTOJmY22vC6JwHE","https://api.spotify.com/v1/audio-analysis/1SGXy6nRTOJmY22vC6JwHE",4,1,37279,TRUE,"https://api.spotify.com/v1/tracks/1SGXy6nRTOJmY22vC6JwHE",FALSE,"A Message From The Count",NA,6,"track","spotify:track:1SGXy6nRTOJmY22vC6JwHE","https://open.spotify.com/track/1SGXy6nRTOJmY22vC6JwHE","Hotel Diablo","C#","minor","C# minor"
"mgk","6TIYQ3jFPwQSRmorSezPxX","0bJIHF1Or1YBLFBMwv53K2","album","2019-07-05",2019,"day",0.779,0.661,9,-7.175,0,0.0966,0.15,0,0.0895,0.306,120.048,"5WZ4qFbz1x2vELPg8S7vza","https://api.spotify.com/v1/audio-analysis/5WZ4qFbz1x2vELPg8S7vza",4,1,194873,TRUE,"https://api.spotify.com/v1/tracks/5WZ4qFbz1x2vELPg8S7vza",FALSE,"FLOOR 13",NA,7,"track","spotify:track:5WZ4qFbz1x2vELPg8S7vza","https://open.spotify.com/track/5WZ4qFbz1x2vELPg8S7vza","Hotel Diablo","A","minor","A minor"
"mgk","6TIYQ3jFPwQSRmorSezPxX","0bJIHF1Or1YBLFBMwv53K2","album","2019-07-05",2019,"day",0.749,0.703,1,-6.639,1,0.0341,0.127,0,0.0775,0.644,95.975,"5Uym8nZf9WyDsxPuum3ntT","https://api.spotify.com/v1/audio-analysis/5Uym8nZf9WyDsxPuum3ntT",4,1,182622,TRUE,"https://api.spotify.com/v1/tracks/5Uym8nZf9WyDsxPuum3ntT",FALSE,"Roulette",NA,8,"track","spotify:track:5Uym8nZf9WyDsxPuum3ntT","https://open.spotify.com/track/5Uym8nZf9WyDsxPuum3ntT","Hotel Diablo","C#","major","C# major"
"mgk","6TIYQ3jFPwQSRmorSezPxX","0bJIHF1Or1YBLFBMwv53K2","album","2019-07-05",2019,"day",0.627,0.584,11,-6.625,0,0.389,0.0755,0,0.257,0.387,125.33,"4WZpl5GUvuzXr54h1Dr7vz","https://api.spotify.com/v1/audio-analysis/4WZpl5GUvuzXr54h1Dr7vz",4,1,52652,TRUE,"https://api.spotify.com/v1/tracks/4WZpl5GUvuzXr54h1Dr7vz",FALSE,"Truck Norris Interlude",NA,9,"track","spotify:track:4WZpl5GUvuzXr54h1Dr7vz","https://open.spotify.com/track/4WZpl5GUvuzXr54h1Dr7vz","Hotel Diablo","B","minor","B minor"
"mgk","6TIYQ3jFPwQSRmorSezPxX","0bJIHF1Or1YBLFBMwv53K2","album","2019-07-05",2019,"day",0.633,0.713,3,-5.221,1,0.0724,0.226,0,0.131,0.304,92.279,"6CVrnuMvknlW7OXmY1zgX4","https://api.spotify.com/v1/audio-analysis/6CVrnuMvknlW7OXmY1zgX4",4,1,179761,TRUE,"https://api.spotify.com/v1/tracks/6CVrnuMvknlW7OXmY1zgX4",FALSE,"Death In My Pocket",NA,10,"track","spotify:track:6CVrnuMvknlW7OXmY1zgX4","https://open.spotify.com/track/6CVrnuMvknlW7OXmY1zgX4","Hotel Diablo","D#","major","D# major"
"mgk","6TIYQ3jFPwQSRmorSezPxX","0bJIHF1Or1YBLFBMwv53K2","album","2019-07-05",2019,"day",0.744,0.638,5,-4.86,0,0.049,0.00829,0,0.182,0.48,98.019,"37AGgp9VP8TVJBfEat74Bj","https://api.spotify.com/v1/audio-analysis/37AGgp9VP8TVJBfEat74Bj",4,1,156719,TRUE,"https://api.spotify.com/v1/tracks/37AGgp9VP8TVJBfEat74Bj",FALSE,"Candy (feat. Trippie Redd)",NA,11,"track","spotify:track:37AGgp9VP8TVJBfEat74Bj","https://open.spotify.com/track/37AGgp9VP8TVJBfEat74Bj","Hotel Diablo","F","minor","F minor"
"mgk","6TIYQ3jFPwQSRmorSezPxX","0bJIHF1Or1YBLFBMwv53K2","album","2019-07-05",2019,"day",0.617,0.7,9,-6.715,0,0.042,0.0155,7.23e-06,0.0935,0.315,150.002,"581geNTL8gGJE3MEPY5tcE","https://api.spotify.com/v1/audio-analysis/581geNTL8gGJE3MEPY5tcE",4,1,196140,TRUE,"https://api.spotify.com/v1/tracks/581geNTL8gGJE3MEPY5tcE",FALSE,"Waste Love (feat. Madison Love)",NA,12,"track","spotify:track:581geNTL8gGJE3MEPY5tcE","https://open.spotify.com/track/581geNTL8gGJE3MEPY5tcE","Hotel Diablo","A","minor","A minor"
"mgk","6TIYQ3jFPwQSRmorSezPxX","0bJIHF1Or1YBLFBMwv53K2","album","2019-07-05",2019,"day",0.531,0.386,1,-7.73,0,0.0816,0.339,3.28e-06,0.264,0.0946,79.979,"2ipqXnu9eUA11VerUdiqjg","https://api.spotify.com/v1/audio-analysis/2ipqXnu9eUA11VerUdiqjg",4,1,194889,TRUE,"https://api.spotify.com/v1/tracks/2ipqXnu9eUA11VerUdiqjg",FALSE,"5:3666",NA,13,"track","spotify:track:2ipqXnu9eUA11VerUdiqjg","https://open.spotify.com/track/2ipqXnu9eUA11VerUdiqjg","Hotel Diablo","C#","minor","C# minor"
"mgk","6TIYQ3jFPwQSRmorSezPxX","0bJIHF1Or1YBLFBMwv53K2","album","2019-07-05",2019,"day",0.628,0.744,7,-4.718,1,0.0379,0.0257,0,0.313,0.277,119.921,"2gTdDMpNxIRFSiu7HutMCg","https://api.spotify.com/v1/audio-analysis/2gTdDMpNxIRFSiu7HutMCg",4,1,169397,TRUE,"https://api.spotify.com/v1/tracks/2gTdDMpNxIRFSiu7HutMCg",FALSE,"I Think I'm OKAY (with YUNGBLUD & Travis Barker)",NA,14,"track","spotify:track:2gTdDMpNxIRFSiu7HutMCg","https://open.spotify.com/track/2gTdDMpNxIRFSiu7HutMCg","Hotel Diablo","G","major","G major"
"mgk","6TIYQ3jFPwQSRmorSezPxX","5YuscmEJSgkwWzBafTBKse","album","2018-09-21",2018,"day",0.372,0.263,0,-15.83,1,0.0325,0.578,0.537,0.118,0.069,68.935,"2zMBvrfHVIbcl8iEaoy2VA","https://api.spotify.com/v1/audio-analysis/2zMBvrfHVIbcl8iEaoy2VA",4,1,62626,TRUE,"https://api.spotify.com/v1/tracks/2zMBvrfHVIbcl8iEaoy2VA",FALSE,"LONG TIME COMING",NA,1,"track","spotify:track:2zMBvrfHVIbcl8iEaoy2VA","https://open.spotify.com/track/2zMBvrfHVIbcl8iEaoy2VA","BINGE","C","major","C major"
"mgk","6TIYQ3jFPwQSRmorSezPxX","5YuscmEJSgkwWzBafTBKse","album","2018-09-21",2018,"day",0.839,0.638,9,-5.905,1,0.194,0.0294,2.04e-06,0.105,0.314,141.044,"4jaH6whRB6Zgy5EzvKN5ZL","https://api.spotify.com/v1/audio-analysis/4jaH6whRB6Zgy5EzvKN5ZL",4,1,157093,TRUE,"https://api.spotify.com/v1/tracks/4jaH6whRB6Zgy5EzvKN5ZL",FALSE,"LOCO",NA,2,"track","spotify:track:4jaH6whRB6Zgy5EzvKN5ZL","https://open.spotify.com/track/4jaH6whRB6Zgy5EzvKN5ZL","BINGE","A","major","A major"
"mgk","6TIYQ3jFPwQSRmorSezPxX","5YuscmEJSgkwWzBafTBKse","album","2018-09-21",2018,"day",0.891,0.595,10,-5.736,1,0.0725,0.0339,0,0.157,0.359,134.992,"3jwgpIHWvV8jfvF21s0SHD","https://api.spotify.com/v1/audio-analysis/3jwgpIHWvV8jfvF21s0SHD",4,1,142213,TRUE,"https://api.spotify.com/v1/tracks/3jwgpIHWvV8jfvF21s0SHD",FALSE,"GTS",NA,3,"track","spotify:track:3jwgpIHWvV8jfvF21s0SHD","https://open.spotify.com/track/3jwgpIHWvV8jfvF21s0SHD","BINGE","A#","major","A# major"
"mgk","6TIYQ3jFPwQSRmorSezPxX","5YuscmEJSgkwWzBafTBKse","album","2018-09-21",2018,"day",0.896,0.834,9,-4.682,0,0.238,0.215,3.92e-06,0.184,0.776,149.968,"43TP6JCWXgkc2D7Xjz5hBr","https://api.spotify.com/v1/audio-analysis/43TP6JCWXgkc2D7Xjz5hBr",4,1,281586,TRUE,"https://api.spotify.com/v1/tracks/43TP6JCWXgkc2D7Xjz5hBr",FALSE,"RAP DEVIL",NA,4,"track","spotify:track:43TP6JCWXgkc2D7Xjz5hBr","https://open.spotify.com/track/43TP6JCWXgkc2D7Xjz5hBr","BINGE","A","minor","A minor"
"mgk","6TIYQ3jFPwQSRmorSezPxX","5YuscmEJSgkwWzBafTBKse","album","2018-09-21",2018,"day",0.885,0.482,1,-8.723,1,0.182,0.0948,9.24e-05,0.156,0.139,134.927,"150a7VlsKvbQjfR10T3Bab","https://api.spotify.com/v1/audio-analysis/150a7VlsKvbQjfR10T3Bab",4,1,108413,TRUE,"https://api.spotify.com/v1/tracks/150a7VlsKvbQjfR10T3Bab",FALSE,"NYLON",NA,5,"track","spotify:track:150a7VlsKvbQjfR10T3Bab","https://open.spotify.com/track/150a7VlsKvbQjfR10T3Bab","BINGE","C#","major","C# major"
"mgk","6TIYQ3jFPwQSRmorSezPxX","5YuscmEJSgkwWzBafTBKse","album","2018-09-21",2018,"day",0.856,0.418,1,-9.751,1,0.195,0.0706,1.33e-06,0.0991,0.271,149.976,"5GsDw8rD0LJ9XF4dEzUPDK","https://api.spotify.com/v1/audio-analysis/5GsDw8rD0LJ9XF4dEzUPDK",4,1,193906,TRUE,"https://api.spotify.com/v1/tracks/5GsDw8rD0LJ9XF4dEzUPDK",FALSE,"LATELY",NA,6,"track","spotify:track:5GsDw8rD0LJ9XF4dEzUPDK","https://open.spotify.com/track/5GsDw8rD0LJ9XF4dEzUPDK","BINGE","C#","major","C# major"
"mgk","6TIYQ3jFPwQSRmorSezPxX","5YuscmEJSgkwWzBafTBKse","album","2018-09-21",2018,"day",0.819,0.533,1,-6.365,1,0.0438,0.0266,0,0.0994,0.0531,104.974,"1JDOIxrGzvGRrDCzmxnTVo","https://api.spotify.com/v1/audio-analysis/1JDOIxrGzvGRrDCzmxnTVo",4,1,166053,TRUE,"https://api.spotify.com/v1/tracks/1JDOIxrGzvGRrDCzmxnTVo",FALSE,"SIGNS (Feat. 24hrs)",NA,7,"track","spotify:track:1JDOIxrGzvGRrDCzmxnTVo","https://open.spotify.com/track/1JDOIxrGzvGRrDCzmxnTVo","BINGE","C#","major","C# major"
"mgk","6TIYQ3jFPwQSRmorSezPxX","5YuscmEJSgkwWzBafTBKse","album","2018-09-21",2018,"day",0.905,0.535,2,-8.867,1,0.231,0.0774,0.000713,0.104,0.186,129.037,"6KlVxwMX2pepWM9RkIYQvu","https://api.spotify.com/v1/audio-analysis/6KlVxwMX2pepWM9RkIYQvu",4,1,152613,TRUE,"https://api.spotify.com/v1/tracks/6KlVxwMX2pepWM9RkIYQvu",FALSE,"GET THE BROOM",NA,8,"track","spotify:track:6KlVxwMX2pepWM9RkIYQvu","https://open.spotify.com/track/6KlVxwMX2pepWM9RkIYQvu","BINGE","D","major","D major"
"mgk","6TIYQ3jFPwQSRmorSezPxX","5YuscmEJSgkwWzBafTBKse","album","2018-09-21",2018,"day",0.771,0.66,7,-7.12,1,0.191,0.245,0.00204,0.117,0.282,134.98,"1WEDk9ZjxoLEpToYe0ap7t","https://api.spotify.com/v1/audio-analysis/1WEDk9ZjxoLEpToYe0ap7t",4,1,194426,TRUE,"https://api.spotify.com/v1/tracks/1WEDk9ZjxoLEpToYe0ap7t",FALSE,"LIVEFASTDIEYOUNG",NA,9,"track","spotify:track:1WEDk9ZjxoLEpToYe0ap7t","https://open.spotify.com/track/1WEDk9ZjxoLEpToYe0ap7t","BINGE","G","major","G major"
"mgk","6TIYQ3jFPwQSRmorSezPxX","6i34bwPf5FpNf0nh7sIXhv","album","2017-05-12",2017,"day",0.757,0.868,10,-4.783,0,0.0971,0.00368,0.0168,0.131,0.316,122.972,"6qST0IPVo7CCmKqxmTfCAm","https://api.spotify.com/v1/audio-analysis/6qST0IPVo7CCmKqxmTfCAm",4,1,218093,TRUE,"https://api.spotify.com/v1/tracks/6qST0IPVo7CCmKqxmTfCAm",FALSE,"The Gunner",NA,1,"track","spotify:track:6qST0IPVo7CCmKqxmTfCAm","https://open.spotify.com/track/6qST0IPVo7CCmKqxmTfCAm","bloom (Deluxe)","A#","minor","A# minor"
"mgk","6TIYQ3jFPwQSRmorSezPxX","6i34bwPf5FpNf0nh7sIXhv","album","2017-05-12",2017,"day",0.341,0.518,9,-5.012,0,0.07,0.000673,0.00716,0.745,0.0901,52.538,"7BynqHgYlWeLRFETJuoipQ","https://api.spotify.com/v1/audio-analysis/7BynqHgYlWeLRFETJuoipQ",4,1,183760,TRUE,"https://api.spotify.com/v1/tracks/7BynqHgYlWeLRFETJuoipQ",FALSE,"Wake + Bake",NA,2,"track","spotify:track:7BynqHgYlWeLRFETJuoipQ","https://open.spotify.com/track/7BynqHgYlWeLRFETJuoipQ","bloom (Deluxe)","A","minor","A minor"
"mgk","6TIYQ3jFPwQSRmorSezPxX","6i34bwPf5FpNf0nh7sIXhv","album","2017-05-12",2017,"day",0.503,0.766,1,-3.281,1,0.334,0.242,0,0.0879,0.646,179.342,"0a5MTajqAAg3h3cpMLYOrb","https://api.spotify.com/v1/audio-analysis/0a5MTajqAAg3h3cpMLYOrb",4,1,210946,TRUE,"https://api.spotify.com/v1/tracks/0a5MTajqAAg3h3cpMLYOrb",FALSE,"Go For Broke (feat. James Arthur)",NA,3,"track","spotify:track:0a5MTajqAAg3h3cpMLYOrb","https://open.spotify.com/track/0a5MTajqAAg3h3cpMLYOrb","bloom (Deluxe)","C#","major","C# major"
"mgk","6TIYQ3jFPwQSRmorSezPxX","6i34bwPf5FpNf0nh7sIXhv","album","2017-05-12",2017,"day",0.524,0.772,7,-6.696,0,0.152,0.00273,0.000169,0.224,0.237,169.855,"46xDHGYxW0Z2o20sOsWLAx","https://api.spotify.com/v1/audio-analysis/46xDHGYxW0Z2o20sOsWLAx",4,1,199973,FALSE,"https://api.spotify.com/v1/tracks/46xDHGYxW0Z2o20sOsWLAx",FALSE,"At My Best (feat. Hailee Steinfeld)",NA,4,"track","spotify:track:46xDHGYxW0Z2o20sOsWLAx","https://open.spotify.com/track/46xDHGYxW0Z2o20sOsWLAx","bloom (Deluxe)","G","minor","G minor"
"mgk","6TIYQ3jFPwQSRmorSezPxX","6i34bwPf5FpNf0nh7sIXhv","album","2017-05-12",2017,"day",0.711,0.662,0,-8.636,1,0.0755,0.00222,3.11e-06,0.126,0.0586,125.988,"2yFRFkZ4KFyrv7FFDSbR2I","https://api.spotify.com/v1/audio-analysis/2yFRFkZ4KFyrv7FFDSbR2I",4,1,187493,TRUE,"https://api.spotify.com/v1/tracks/2yFRFkZ4KFyrv7FFDSbR2I",FALSE,"Kiss the Sky",NA,5,"track","spotify:track:2yFRFkZ4KFyrv7FFDSbR2I","https://open.spotify.com/track/2yFRFkZ4KFyrv7FFDSbR2I","bloom (Deluxe)","C","major","C major"
"mgk","6TIYQ3jFPwQSRmorSezPxX","6i34bwPf5FpNf0nh7sIXhv","album","2017-05-12",2017,"day",0.651,0.549,10,-6.539,0,0.363,0.00663,6.71e-06,0.183,0.426,129.962,"1jMAzf2MOxCgI0bNtssXvA","https://api.spotify.com/v1/audio-analysis/1jMAzf2MOxCgI0bNtssXvA",4,1,198920,TRUE,"https://api.spotify.com/v1/tracks/1jMAzf2MOxCgI0bNtssXvA",FALSE,"Golden God",NA,6,"track","spotify:track:1jMAzf2MOxCgI0bNtssXvA","https://open.spotify.com/track/1jMAzf2MOxCgI0bNtssXvA","bloom (Deluxe)","A#","minor","A# minor"
"mgk","6TIYQ3jFPwQSRmorSezPxX","6i34bwPf5FpNf0nh7sIXhv","album","2017-05-12",2017,"day",0.967,0.646,4,-4.818,0,0.0593,0.0242,2.31e-06,0.0916,0.2,124.994,"6rOydmHaiRvx1UMBCxbmb6","https://api.spotify.com/v1/audio-analysis/6rOydmHaiRvx1UMBCxbmb6",4,1,203000,TRUE,"https://api.spotify.com/v1/tracks/6rOydmHaiRvx1UMBCxbmb6",FALSE,"Trap Paris (feat. Quavo & Ty Dolla $ign)",NA,7,"track","spotify:track:6rOydmHaiRvx1UMBCxbmb6","https://open.spotify.com/track/6rOydmHaiRvx1UMBCxbmb6","bloom (Deluxe)","E","minor","E minor"
"mgk","6TIYQ3jFPwQSRmorSezPxX","6i34bwPf5FpNf0nh7sIXhv","album","2017-05-12",2017,"day",0.759,0.556,1,-8.02,0,0.333,0.00152,2.3e-05,0.0884,0.131,143.97,"36QeeMZUSLm1OXqHAbrxuR","https://api.spotify.com/v1/audio-analysis/36QeeMZUSLm1OXqHAbrxuR",4,1,185520,TRUE,"https://api.spotify.com/v1/tracks/36QeeMZUSLm1OXqHAbrxuR",FALSE,"Moonwalkers (feat. DubXX)",NA,8,"track","spotify:track:36QeeMZUSLm1OXqHAbrxuR","https://open.spotify.com/track/36QeeMZUSLm1OXqHAbrxuR","bloom (Deluxe)","C#","minor","C# minor"
"mgk","6TIYQ3jFPwQSRmorSezPxX","6i34bwPf5FpNf0nh7sIXhv","album","2017-05-12",2017,"day",0.508,0.669,2,-5.844,1,0.0532,0.0549,0,0.28,0.108,110.003,"7gnkCmRNhpd5Tzgpc3n3La","https://api.spotify.com/v1/audio-analysis/7gnkCmRNhpd5Tzgpc3n3La",4,1,185693,TRUE,"https://api.spotify.com/v1/tracks/7gnkCmRNhpd5Tzgpc3n3La",FALSE,"Cant Walk",NA,9,"track","spotify:track:7gnkCmRNhpd5Tzgpc3n3La","https://open.spotify.com/track/7gnkCmRNhpd5Tzgpc3n3La","bloom (Deluxe)","D","major","D major"
"mgk","6TIYQ3jFPwQSRmorSezPxX","6i34bwPf5FpNf0nh7sIXhv","album","2017-05-12",2017,"day",0.697,0.691,2,-4.757,1,0.146,0.214,0,0.185,0.305,137.853,"1KzGj3xvi9IiY05kBlkm2G","https://api.spotify.com/v1/audio-analysis/1KzGj3xvi9IiY05kBlkm2G",4,1,239293,FALSE,"https://api.spotify.com/v1/tracks/1KzGj3xvi9IiY05kBlkm2G",FALSE,"Bad Things (with Camila Cabello)",NA,10,"track","spotify:track:1KzGj3xvi9IiY05kBlkm2G","https://open.spotify.com/track/1KzGj3xvi9IiY05kBlkm2G","bloom (Deluxe)","D","major","D major"
"mgk","6TIYQ3jFPwQSRmorSezPxX","6i34bwPf5FpNf0nh7sIXhv","album","2017-05-12",2017,"day",0.49,0.607,11,-6.282,0,0.0368,0.125,0,0.0953,0.155,85.043,"26Up4Z4Tq5Yc8ajbDQwIXR","https://api.spotify.com/v1/audio-analysis/26Up4Z4Tq5Yc8ajbDQwIXR",4,1,266320,TRUE,"https://api.spotify.com/v1/tracks/26Up4Z4Tq5Yc8ajbDQwIXR",FALSE,"Rehab",NA,11,"track","spotify:track:26Up4Z4Tq5Yc8ajbDQwIXR","https://open.spotify.com/track/26Up4Z4Tq5Yc8ajbDQwIXR","bloom (Deluxe)","B","minor","B minor"
"mgk","6TIYQ3jFPwQSRmorSezPxX","6i34bwPf5FpNf0nh7sIXhv","album","2017-05-12",2017,"day",0.601,0.819,10,-3.835,1,0.101,0.197,0,0.161,0.21,170.117,"1beqtQO0aIc1dWsXr97Iji","https://api.spotify.com/v1/audio-analysis/1beqtQO0aIc1dWsXr97Iji",4,1,185000,FALSE,"https://api.spotify.com/v1/tracks/1beqtQO0aIc1dWsXr97Iji",FALSE,"Let You Go",NA,12,"track","spotify:track:1beqtQO0aIc1dWsXr97Iji","https://open.spotify.com/track/1beqtQO0aIc1dWsXr97Iji","bloom (Deluxe)","A#","major","A# major"
"mgk","6TIYQ3jFPwQSRmorSezPxX","6i34bwPf5FpNf0nh7sIXhv","album","2017-05-12",2017,"day",0.499,0.654,6,-6.782,1,0.11,0.0734,0.000144,0.104,0.0464,169.839,"2Y0y4yxzNmKceQ0nBK2Qwj","https://api.spotify.com/v1/audio-analysis/2Y0y4yxzNmKceQ0nBK2Qwj",4,1,298520,FALSE,"https://api.spotify.com/v1/tracks/2Y0y4yxzNmKceQ0nBK2Qwj",FALSE,"27",NA,13,"track","spotify:track:2Y0y4yxzNmKceQ0nBK2Qwj","https://open.spotify.com/track/2Y0y4yxzNmKceQ0nBK2Qwj","bloom (Deluxe)","F#","major","F# major"
"mgk","6TIYQ3jFPwQSRmorSezPxX","6i34bwPf5FpNf0nh7sIXhv","album","2017-05-12",2017,"day",0.771,0.713,9,-6.755,0,0.0643,0.00265,1.97e-06,0.105,0.235,130.095,"6lJbA3HMQlOI2JMdKbBKDi","https://api.spotify.com/v1/audio-analysis/6lJbA3HMQlOI2JMdKbBKDi",4,1,200258,TRUE,"https://api.spotify.com/v1/tracks/6lJbA3HMQlOI2JMdKbBKDi",FALSE,"The Break Up",NA,14,"track","spotify:track:6lJbA3HMQlOI2JMdKbBKDi","https://open.spotify.com/track/6lJbA3HMQlOI2JMdKbBKDi","bloom (Deluxe)","A","minor","A minor"
"mgk","6TIYQ3jFPwQSRmorSezPxX","6i34bwPf5FpNf0nh7sIXhv","album","2017-05-12",2017,"day",0.664,0.597,0,-8.835,1,0.0437,0.0152,0.00218,0.0915,0.201,143.99,"7IHznpBxFDKwGSFFZitRk2","https://api.spotify.com/v1/audio-analysis/7IHznpBxFDKwGSFFZitRk2",4,1,200116,TRUE,"https://api.spotify.com/v1/tracks/7IHznpBxFDKwGSFFZitRk2",FALSE,"Habits",NA,15,"track","spotify:track:7IHznpBxFDKwGSFFZitRk2","https://open.spotify.com/track/7IHznpBxFDKwGSFFZitRk2","bloom (Deluxe)","C","major","C major"
"mgk","6TIYQ3jFPwQSRmorSezPxX","1HK1WLip5xwWQYixdF3Jsk","album","2015-10-16",2015,"day",0.469,0.605,9,-8.53,0,0.137,0.0951,4.5e-05,0.161,0.355,90.804,"72nxQrIi70DmIfuzFoRh7B","https://api.spotify.com/v1/audio-analysis/72nxQrIi70DmIfuzFoRh7B",4,1,303600,TRUE,"https://api.spotify.com/v1/tracks/72nxQrIi70DmIfuzFoRh7B",FALSE,"Spotlight",NA,1,"track","spotify:track:72nxQrIi70DmIfuzFoRh7B","https://open.spotify.com/track/72nxQrIi70DmIfuzFoRh7B","General Admission (Deluxe)","A","minor","A minor"
"mgk","6TIYQ3jFPwQSRmorSezPxX","1HK1WLip5xwWQYixdF3Jsk","album","2015-10-16",2015,"day",0.783,0.729,6,-6.398,0,0.204,0.0884,0,0.237,0.233,124.103,"0Yvwo9fENGoa60k3ClwzQf","https://api.spotify.com/v1/audio-analysis/0Yvwo9fENGoa60k3ClwzQf",4,1,212560,TRUE,"https://api.spotify.com/v1/tracks/0Yvwo9fENGoa60k3ClwzQf",FALSE,"Alpha Omega",NA,2,"track","spotify:track:0Yvwo9fENGoa60k3ClwzQf","https://open.spotify.com/track/0Yvwo9fENGoa60k3ClwzQf","General Admission (Deluxe)","F#","minor","F# minor"
"mgk","6TIYQ3jFPwQSRmorSezPxX","1HK1WLip5xwWQYixdF3Jsk","album","2015-10-16",2015,"day",0.865,0.633,0,-7.023,0,0.107,0.0305,0,0.136,0.311,110.05,"7rq7HvZrCie7MmiGm8pUVC","https://api.spotify.com/v1/audio-analysis/7rq7HvZrCie7MmiGm8pUVC",4,1,212213,TRUE,"https://api.spotify.com/v1/tracks/7rq7HvZrCie7MmiGm8pUVC",FALSE,"Till I Die",NA,3,"track","spotify:track:7rq7HvZrCie7MmiGm8pUVC","https://open.spotify.com/track/7rq7HvZrCie7MmiGm8pUVC","General Admission (Deluxe)","C","minor","C minor"
"mgk","6TIYQ3jFPwQSRmorSezPxX","1HK1WLip5xwWQYixdF3Jsk","album","2015-10-16",2015,"day",0.716,0.508,8,-6.439,1,0.376,0.228,0,0.32,0.301,169.96,"5qbhBDzV7r3RjT4ASzc49L","https://api.spotify.com/v1/audio-analysis/5qbhBDzV7r3RjT4ASzc49L",3,1,186013,TRUE,"https://api.spotify.com/v1/tracks/5qbhBDzV7r3RjT4ASzc49L",FALSE,"Eddie Cane",NA,4,"track","spotify:track:5qbhBDzV7r3RjT4ASzc49L","https://open.spotify.com/track/5qbhBDzV7r3RjT4ASzc49L","General Admission (Deluxe)","G#","major","G# major"
"mgk","6TIYQ3jFPwQSRmorSezPxX","1HK1WLip5xwWQYixdF3Jsk","album","2015-10-16",2015,"day",0.631,0.86,10,-4.994,0,0.121,0.0171,5.83e-06,0.333,0.382,181.868,"2kjPvFgVIGki2BRlOHvQQr","https://api.spotify.com/v1/audio-analysis/2kjPvFgVIGki2BRlOHvQQr",4,1,213960,TRUE,"https://api.spotify.com/v1/tracks/2kjPvFgVIGki2BRlOHvQQr",FALSE,"Bad Mother F*cker",NA,5,"track","spotify:track:2kjPvFgVIGki2BRlOHvQQr","https://open.spotify.com/track/2kjPvFgVIGki2BRlOHvQQr","General Admission (Deluxe)","A#","minor","A# minor"
"mgk","6TIYQ3jFPwQSRmorSezPxX","1HK1WLip5xwWQYixdF3Jsk","album","2015-10-16",2015,"day",0.864,0.582,10,-8.949,1,0.316,0.0889,0,0.085,0.151,111.013,"5qkAxtjTFSXDbfB37LWQNH","https://api.spotify.com/v1/audio-analysis/5qkAxtjTFSXDbfB37LWQNH",4,1,215106,TRUE,"https://api.spotify.com/v1/tracks/5qkAxtjTFSXDbfB37LWQNH",FALSE,"World Series",NA,6,"track","spotify:track:5qkAxtjTFSXDbfB37LWQNH","https://open.spotify.com/track/5qkAxtjTFSXDbfB37LWQNH","General Admission (Deluxe)","A#","major","A# major"
"mgk","6TIYQ3jFPwQSRmorSezPxX","1HK1WLip5xwWQYixdF3Jsk","album","2015-10-16",2015,"day",0.757,0.88,11,-4.957,0,0.285,0.256,0,0.182,0.472,141.045,"6xVq1aDD9zn13GW1JOsZMv","https://api.spotify.com/v1/audio-analysis/6xVq1aDD9zn13GW1JOsZMv",4,1,178186,TRUE,"https://api.spotify.com/v1/tracks/6xVq1aDD9zn13GW1JOsZMv",FALSE,"Oz.",NA,7,"track","spotify:track:6xVq1aDD9zn13GW1JOsZMv","https://open.spotify.com/track/6xVq1aDD9zn13GW1JOsZMv","General Admission (Deluxe)","B","minor","B minor"
"mgk","6TIYQ3jFPwQSRmorSezPxX","1HK1WLip5xwWQYixdF3Jsk","album","2015-10-16",2015,"day",0.51,0.542,9,-8.621,1,0.249,0.225,0,0.607,0.346,86.576,"26NP9TlHzftGbMQORpuLe4","https://api.spotify.com/v1/audio-analysis/26NP9TlHzftGbMQORpuLe4",3,1,241960,TRUE,"https://api.spotify.com/v1/tracks/26NP9TlHzftGbMQORpuLe4",FALSE,"Everyday",NA,8,"track","spotify:track:26NP9TlHzftGbMQORpuLe4","https://open.spotify.com/track/26NP9TlHzftGbMQORpuLe4","General Admission (Deluxe)","A","major","A major"
"mgk","6TIYQ3jFPwQSRmorSezPxX","1HK1WLip5xwWQYixdF3Jsk","album","2015-10-16",2015,"day",0.501,0.86,9,-4.352,0,0.152,0.175,0,0.234,0.152,81.166,"0oWLsEchzMxbZuwKLfCkXN","https://api.spotify.com/v1/audio-analysis/0oWLsEchzMxbZuwKLfCkXN",4,1,241360,TRUE,"https://api.spotify.com/v1/tracks/0oWLsEchzMxbZuwKLfCkXN",FALSE,"Gone",NA,9,"track","spotify:track:0oWLsEchzMxbZuwKLfCkXN","https://open.spotify.com/track/0oWLsEchzMxbZuwKLfCkXN","General Admission (Deluxe)","A","minor","A minor"
"mgk","6TIYQ3jFPwQSRmorSezPxX","1HK1WLip5xwWQYixdF3Jsk","album","2015-10-16",2015,"day",0.575,0.638,8,-8.515,1,0.32,0.596,0,0.306,0.228,102.067,"29pgZPq4PhC5OxTuU2eDRh","https://api.spotify.com/v1/audio-analysis/29pgZPq4PhC5OxTuU2eDRh",4,1,190146,TRUE,"https://api.spotify.com/v1/tracks/29pgZPq4PhC5OxTuU2eDRh",FALSE,"Story Of The Stairs",NA,10,"track","spotify:track:29pgZPq4PhC5OxTuU2eDRh","https://open.spotify.com/track/29pgZPq4PhC5OxTuU2eDRh","General Admission (Deluxe)","G#","major","G# major"
"mgk","6TIYQ3jFPwQSRmorSezPxX","1HK1WLip5xwWQYixdF3Jsk","album","2015-10-16",2015,"day",0.606,0.935,5,-4.106,1,0.273,0.0877,0,0.32,0.674,160.154,"7k9rcsOLrZBzxIL4cyAipZ","https://api.spotify.com/v1/audio-analysis/7k9rcsOLrZBzxIL4cyAipZ",4,1,245600,TRUE,"https://api.spotify.com/v1/tracks/7k9rcsOLrZBzxIL4cyAipZ",FALSE,"Merry Go Round",NA,11,"track","spotify:track:7k9rcsOLrZBzxIL4cyAipZ","https://open.spotify.com/track/7k9rcsOLrZBzxIL4cyAipZ","General Admission (Deluxe)","F","major","F major"
"mgk","6TIYQ3jFPwQSRmorSezPxX","1HK1WLip5xwWQYixdF3Jsk","album","2015-10-16",2015,"day",0.654,0.718,7,-6.663,1,0.0425,0.0734,0.00121,0.164,0.234,90.053,"4VHhltj6aUxZJWnImrXDhC","https://api.spotify.com/v1/audio-analysis/4VHhltj6aUxZJWnImrXDhC",4,1,237453,TRUE,"https://api.spotify.com/v1/tracks/4VHhltj6aUxZJWnImrXDhC",FALSE,"A Little More",NA,12,"track","spotify:track:4VHhltj6aUxZJWnImrXDhC","https://open.spotify.com/track/4VHhltj6aUxZJWnImrXDhC","General Admission (Deluxe)","G","major","G major"
"mgk","6TIYQ3jFPwQSRmorSezPxX","1HK1WLip5xwWQYixdF3Jsk","album","2015-10-16",2015,"day",0.604,0.697,8,-6.991,0,0.186,0.0474,0.000537,0.19,0.287,78.045,"4gKCKczP2zGcRn5okrxLU7","https://api.spotify.com/v1/audio-analysis/4gKCKczP2zGcRn5okrxLU7",4,1,422720,TRUE,"https://api.spotify.com/v1/tracks/4gKCKczP2zGcRn5okrxLU7",FALSE,"All Night Long",NA,13,"track","spotify:track:4gKCKczP2zGcRn5okrxLU7","https://open.spotify.com/track/4gKCKczP2zGcRn5okrxLU7","General Admission (Deluxe)","G#","minor","G# minor"
"mgk","6TIYQ3jFPwQSRmorSezPxX","1HK1WLip5xwWQYixdF3Jsk","album","2015-10-16",2015,"day",0.729,0.695,7,-8.982,1,0.0563,0.0533,0,0.121,0.368,101.02,"2mCRr2EjObwLYpYyL4tiyt","https://api.spotify.com/v1/audio-analysis/2mCRr2EjObwLYpYyL4tiyt",4,1,282400,TRUE,"https://api.spotify.com/v1/tracks/2mCRr2EjObwLYpYyL4tiyt",FALSE,"Make It Happen",NA,14,"track","spotify:track:2mCRr2EjObwLYpYyL4tiyt","https://open.spotify.com/track/2mCRr2EjObwLYpYyL4tiyt","General Admission (Deluxe)","G","major","G major"
"mgk","6TIYQ3jFPwQSRmorSezPxX","1HK1WLip5xwWQYixdF3Jsk","album","2015-10-16",2015,"day",0.815,0.521,8,-8.737,1,0.0688,0.00396,2.64e-05,0.333,0.0401,114.2,"29vxkoDeEXaW7cFcNn0Ikh","https://api.spotify.com/v1/audio-analysis/29vxkoDeEXaW7cFcNn0Ikh",4,1,260466,TRUE,"https://api.spotify.com/v1/tracks/29vxkoDeEXaW7cFcNn0Ikh",FALSE,"Round Here",NA,15,"track","spotify:track:29vxkoDeEXaW7cFcNn0Ikh","https://open.spotify.com/track/29vxkoDeEXaW7cFcNn0Ikh","General Admission (Deluxe)","G#","major","G# major"
"mgk","6TIYQ3jFPwQSRmorSezPxX","1HK1WLip5xwWQYixdF3Jsk","album","2015-10-16",2015,"day",0.602,0.449,1,-9.183,1,0.476,0.141,1e-05,0.112,0.0743,186.327,"0u4zaXqDSnfkzWRDdSJfaj","https://api.spotify.com/v1/audio-analysis/0u4zaXqDSnfkzWRDdSJfaj",4,1,213293,TRUE,"https://api.spotify.com/v1/tracks/0u4zaXqDSnfkzWRDdSJfaj",FALSE,"Therapy",NA,16,"track","spotify:track:0u4zaXqDSnfkzWRDdSJfaj","https://open.spotify.com/track/0u4zaXqDSnfkzWRDdSJfaj","General Admission (Deluxe)","C#","major","C# major"
"mgk","6TIYQ3jFPwQSRmorSezPxX","5NzdnPboXcqvuvyEH1wSEJ","album","2012-01-01",2012,"day",0.64,0.735,8,-9.878,1,0.0397,0.0767,0,0.0916,0.114,131.949,"74xmwuNap4wOuhFzSZJnZ0","https://api.spotify.com/v1/audio-analysis/74xmwuNap4wOuhFzSZJnZ0",4,1,192533,TRUE,"https://api.spotify.com/v1/tracks/74xmwuNap4wOuhFzSZJnZ0",FALSE,"Save Me",NA,1,"track","spotify:track:74xmwuNap4wOuhFzSZJnZ0","https://open.spotify.com/track/74xmwuNap4wOuhFzSZJnZ0","Lace Up (Deluxe)","G#","major","G# major"
"mgk","6TIYQ3jFPwQSRmorSezPxX","5NzdnPboXcqvuvyEH1wSEJ","album","2012-01-01",2012,"day",0.763,0.808,6,-5.758,0,0.257,0.224,0,0.0957,0.673,139.95,"3YmMszNMFD4VnkVPPDQlrk","https://api.spotify.com/v1/audio-analysis/3YmMszNMFD4VnkVPPDQlrk",4,1,272546,TRUE,"https://api.spotify.com/v1/tracks/3YmMszNMFD4VnkVPPDQlrk",FALSE,"What I Do",NA,2,"track","spotify:track:3YmMszNMFD4VnkVPPDQlrk","https://open.spotify.com/track/3YmMszNMFD4VnkVPPDQlrk","Lace Up (Deluxe)","F#","minor","F# minor"
"mgk","6TIYQ3jFPwQSRmorSezPxX","5NzdnPboXcqvuvyEH1wSEJ","album","2012-01-01",2012,"day",0.801,0.682,10,-4.676,0,0.0498,0.0292,0,0.226,0.484,140.061,"5jcMhhJ0gXhtruaFIBbL3t","https://api.spotify.com/v1/audio-analysis/5jcMhhJ0gXhtruaFIBbL3t",4,1,231373,TRUE,"https://api.spotify.com/v1/tracks/5jcMhhJ0gXhtruaFIBbL3t",FALSE,"Wild Boy",NA,3,"track","spotify:track:5jcMhhJ0gXhtruaFIBbL3t","https://open.spotify.com/track/5jcMhhJ0gXhtruaFIBbL3t","Lace Up (Deluxe)","A#","minor","A# minor"
"mgk","6TIYQ3jFPwQSRmorSezPxX","5NzdnPboXcqvuvyEH1wSEJ","album","2012-01-01",2012,"day",0.82,0.9,11,-7.256,0,0.0976,0.00131,0,0.189,0.365,122.997,"5ZrUonmI5ebVMFPRAvSkVJ","https://api.spotify.com/v1/audio-analysis/5ZrUonmI5ebVMFPRAvSkVJ",4,1,182066,TRUE,"https://api.spotify.com/v1/tracks/5ZrUonmI5ebVMFPRAvSkVJ",FALSE,"Lace Up",NA,4,"track","spotify:track:5ZrUonmI5ebVMFPRAvSkVJ","https://open.spotify.com/track/5ZrUonmI5ebVMFPRAvSkVJ","Lace Up (Deluxe)","B","minor","B minor"
"mgk","6TIYQ3jFPwQSRmorSezPxX","5NzdnPboXcqvuvyEH1wSEJ","album","2012-01-01",2012,"day",0.796,0.759,4,-5.937,1,0.118,0.0132,0,0.612,0.573,131.979,"4BRmYIPSzIMyFH00b9ebp2","https://api.spotify.com/v1/audio-analysis/4BRmYIPSzIMyFH00b9ebp2",4,1,234386,TRUE,"https://api.spotify.com/v1/tracks/4BRmYIPSzIMyFH00b9ebp2",FALSE,"Stereo",NA,5,"track","spotify:track:4BRmYIPSzIMyFH00b9ebp2","https://open.spotify.com/track/4BRmYIPSzIMyFH00b9ebp2","Lace Up (Deluxe)","E","major","E major"
"mgk","6TIYQ3jFPwQSRmorSezPxX","5NzdnPboXcqvuvyEH1wSEJ","album","2012-01-01",2012,"day",0.633,0.843,3,-6.139,1,0.133,0.0919,0,0.243,0.425,94.995,"0nZTlKnYykh53DVSXk4nBZ","https://api.spotify.com/v1/audio-analysis/0nZTlKnYykh53DVSXk4nBZ",4,1,207120,TRUE,"https://api.spotify.com/v1/tracks/0nZTlKnYykh53DVSXk4nBZ",FALSE,"All We Have",NA,6,"track","spotify:track:0nZTlKnYykh53DVSXk4nBZ","https://open.spotify.com/track/0nZTlKnYykh53DVSXk4nBZ","Lace Up (Deluxe)","D#","major","D# major"
"mgk","6TIYQ3jFPwQSRmorSezPxX","5NzdnPboXcqvuvyEH1wSEJ","album","2012-01-01",2012,"day",0.707,0.684,11,-7.689,0,0.245,0.0445,0,0.135,0.339,139.973,"1KKNKDlRjPrpKV1X0S1COG","https://api.spotify.com/v1/audio-analysis/1KKNKDlRjPrpKV1X0S1COG",4,1,249626,TRUE,"https://api.spotify.com/v1/tracks/1KKNKDlRjPrpKV1X0S1COG",FALSE,"See My Tears",NA,7,"track","spotify:track:1KKNKDlRjPrpKV1X0S1COG","https://open.spotify.com/track/1KKNKDlRjPrpKV1X0S1COG","Lace Up (Deluxe)","B","minor","B minor"
"mgk","6TIYQ3jFPwQSRmorSezPxX","5NzdnPboXcqvuvyEH1wSEJ","album","2012-01-01",2012,"day",0.434,0.659,8,-7.114,0,0.24,0.0591,0,0.281,0.0647,78.434,"6fRoYaEe8mgHs7eF2xXeBm","https://api.spotify.com/v1/audio-analysis/6fRoYaEe8mgHs7eF2xXeBm",4,1,261413,TRUE,"https://api.spotify.com/v1/tracks/6fRoYaEe8mgHs7eF2xXeBm",FALSE,"D3MONS",NA,8,"track","spotify:track:6fRoYaEe8mgHs7eF2xXeBm","https://open.spotify.com/track/6fRoYaEe8mgHs7eF2xXeBm","Lace Up (Deluxe)","G#","minor","G# minor"
"mgk","6TIYQ3jFPwQSRmorSezPxX","5NzdnPboXcqvuvyEH1wSEJ","album","2012-01-01",2012,"day",0.773,0.781,6,-6.967,0,0.0512,0.045,0,0.14,0.13,131.971,"2s9JtWG8ojIgAn746GrCN1","https://api.spotify.com/v1/audio-analysis/2s9JtWG8ojIgAn746GrCN1",4,1,307893,TRUE,"https://api.spotify.com/v1/tracks/2s9JtWG8ojIgAn746GrCN1",FALSE,"Edge Of Destruction",NA,9,"track","spotify:track:2s9JtWG8ojIgAn746GrCN1","https://open.spotify.com/track/2s9JtWG8ojIgAn746GrCN1","Lace Up (Deluxe)","F#","minor","F# minor"
"mgk","6TIYQ3jFPwQSRmorSezPxX","5NzdnPboXcqvuvyEH1wSEJ","album","2012-01-01",2012,"day",0.564,0.734,8,-5.676,1,0.035,0.0698,0,0.157,0.536,140.053,"0lgVoUJ2uVH9dwCFPJ3VI6","https://api.spotify.com/v1/audio-analysis/0lgVoUJ2uVH9dwCFPJ3VI6",4,1,167706,TRUE,"https://api.spotify.com/v1/tracks/0lgVoUJ2uVH9dwCFPJ3VI6",FALSE,"Runnin'",NA,10,"track","spotify:track:0lgVoUJ2uVH9dwCFPJ3VI6","https://open.spotify.com/track/0lgVoUJ2uVH9dwCFPJ3VI6","Lace Up (Deluxe)","G#","major","G# major"
"mgk","6TIYQ3jFPwQSRmorSezPxX","5NzdnPboXcqvuvyEH1wSEJ","album","2012-01-01",2012,"day",0.479,0.859,1,-5.28,1,0.368,0.0285,0,0.152,0.261,118.253,"6g0lA3tckAh7LlkifNvN87","https://api.spotify.com/v1/audio-analysis/6g0lA3tckAh7LlkifNvN87",5,1,185733,TRUE,"https://api.spotify.com/v1/tracks/6g0lA3tckAh7LlkifNvN87",FALSE,"Invincible",NA,11,"track","spotify:track:6g0lA3tckAh7LlkifNvN87","https://open.spotify.com/track/6g0lA3tckAh7LlkifNvN87","Lace Up (Deluxe)","C#","major","C# major"
"mgk","6TIYQ3jFPwQSRmorSezPxX","5NzdnPboXcqvuvyEH1wSEJ","album","2012-01-01",2012,"day",0.755,0.829,7,-5.06,1,0.14,0.187,5.71e-06,0.12,0.318,88.023,"4JbTK6Osj650mcvHXKDU0F","https://api.spotify.com/v1/audio-analysis/4JbTK6Osj650mcvHXKDU0F",4,1,250746,TRUE,"https://api.spotify.com/v1/tracks/4JbTK6Osj650mcvHXKDU0F",FALSE,"On My Way",NA,12,"track","spotify:track:4JbTK6Osj650mcvHXKDU0F","https://open.spotify.com/track/4JbTK6Osj650mcvHXKDU0F","Lace Up (Deluxe)","G","major","G major"
"mgk","6TIYQ3jFPwQSRmorSezPxX","5NzdnPboXcqvuvyEH1wSEJ","album","2012-01-01",2012,"day",0.766,0.704,9,-6.162,0,0.166,0.174,0,0.203,0.26,91.56,"1lHyxaX6V9ewCD1d0tUvG7","https://api.spotify.com/v1/audio-analysis/1lHyxaX6V9ewCD1d0tUvG7",4,1,244266,TRUE,"https://api.spotify.com/v1/tracks/1lHyxaX6V9ewCD1d0tUvG7",FALSE,"End Of The Road",NA,13,"track","spotify:track:1lHyxaX6V9ewCD1d0tUvG7","https://open.spotify.com/track/1lHyxaX6V9ewCD1d0tUvG7","Lace Up (Deluxe)","A","minor","A minor"
"mgk","6TIYQ3jFPwQSRmorSezPxX","5NzdnPboXcqvuvyEH1wSEJ","album","2012-01-01",2012,"day",0.758,0.817,1,-5.055,1,0.106,0.00339,0,0.138,0.427,104.949,"2xLV7fBXitj87f59CWhVNq","https://api.spotify.com/v1/audio-analysis/2xLV7fBXitj87f59CWhVNq",4,1,171666,TRUE,"https://api.spotify.com/v1/tracks/2xLV7fBXitj87f59CWhVNq",FALSE,"Half Naked & Almost Famous",NA,14,"track","spotify:track:2xLV7fBXitj87f59CWhVNq","https://open.spotify.com/track/2xLV7fBXitj87f59CWhVNq","Lace Up (Deluxe)","C#","major","C# major"
"mgk","6TIYQ3jFPwQSRmorSezPxX","5NzdnPboXcqvuvyEH1wSEJ","album","2012-01-01",2012,"day",0.658,0.7,10,-5.212,0,0.258,0.0157,2.55e-06,0.0332,0.188,73.606,"2yItQevApTE8hMYPFirqcs","https://api.spotify.com/v1/audio-analysis/2yItQevApTE8hMYPFirqcs",4,1,210693,TRUE,"https://api.spotify.com/v1/tracks/2yItQevApTE8hMYPFirqcs",FALSE,"Hold On (Shut Up)",NA,15,"track","spotify:track:2yItQevApTE8hMYPFirqcs","https://open.spotify.com/track/2yItQevApTE8hMYPFirqcs","Lace Up (Deluxe)","A#","minor","A# minor"
"mgk","6TIYQ3jFPwQSRmorSezPxX","5NzdnPboXcqvuvyEH1wSEJ","album","2012-01-01",2012,"day",0.583,0.856,0,-5.565,1,0.0545,0.0016,0,0.31,0.288,148.75,"6LSxkY68uoiwDaZZM0zZ2l","https://api.spotify.com/v1/audio-analysis/6LSxkY68uoiwDaZZM0zZ2l",4,1,202173,TRUE,"https://api.spotify.com/v1/tracks/6LSxkY68uoiwDaZZM0zZ2l",FALSE,"Warning Shot",NA,16,"track","spotify:track:6LSxkY68uoiwDaZZM0zZ2l","https://open.spotify.com/track/6LSxkY68uoiwDaZZM0zZ2l","Lace Up (Deluxe)","C","major","C major"
"mgk","6TIYQ3jFPwQSRmorSezPxX","3A9kcRzKS8zQtbQ0JwksuS","album","2012-01-01",2012,"day",0.64,0.735,8,-9.878,1,0.0397,0.0767,0,0.0916,0.114,131.949,"41GKe1Q2JojWTcCflcZLzA","https://api.spotify.com/v1/audio-analysis/41GKe1Q2JojWTcCflcZLzA",4,1,192533,TRUE,"https://api.spotify.com/v1/tracks/41GKe1Q2JojWTcCflcZLzA",FALSE,"Save Me",NA,1,"track","spotify:track:41GKe1Q2JojWTcCflcZLzA","https://open.spotify.com/track/41GKe1Q2JojWTcCflcZLzA","Lace Up","G#","major","G# major"
"mgk","6TIYQ3jFPwQSRmorSezPxX","3A9kcRzKS8zQtbQ0JwksuS","album","2012-01-01",2012,"day",0.763,0.808,6,-5.758,0,0.257,0.224,0,0.0957,0.673,139.95,"0RxxtTgddDmGWOjaxY8ap5","https://api.spotify.com/v1/audio-analysis/0RxxtTgddDmGWOjaxY8ap5",4,1,272546,TRUE,"https://api.spotify.com/v1/tracks/0RxxtTgddDmGWOjaxY8ap5",FALSE,"What I Do",NA,2,"track","spotify:track:0RxxtTgddDmGWOjaxY8ap5","https://open.spotify.com/track/0RxxtTgddDmGWOjaxY8ap5","Lace Up","F#","minor","F# minor"
"mgk","6TIYQ3jFPwQSRmorSezPxX","3A9kcRzKS8zQtbQ0JwksuS","album","2012-01-01",2012,"day",0.801,0.682,10,-4.676,0,0.0498,0.0292,0,0.226,0.484,140.061,"7vicvhgtH7AwJHYGksV5C7","https://api.spotify.com/v1/audio-analysis/7vicvhgtH7AwJHYGksV5C7",4,1,231373,TRUE,"https://api.spotify.com/v1/tracks/7vicvhgtH7AwJHYGksV5C7",FALSE,"Wild Boy",NA,3,"track","spotify:track:7vicvhgtH7AwJHYGksV5C7","https://open.spotify.com/track/7vicvhgtH7AwJHYGksV5C7","Lace Up","A#","minor","A# minor"
"mgk","6TIYQ3jFPwQSRmorSezPxX","3A9kcRzKS8zQtbQ0JwksuS","album","2012-01-01",2012,"day",0.82,0.9,11,-7.256,0,0.0976,0.00131,0,0.189,0.365,122.997,"7FPBWRolBG6uS3FefdYYFX","https://api.spotify.com/v1/audio-analysis/7FPBWRolBG6uS3FefdYYFX",4,1,182066,TRUE,"https://api.spotify.com/v1/tracks/7FPBWRolBG6uS3FefdYYFX",FALSE,"Lace Up",NA,4,"track","spotify:track:7FPBWRolBG6uS3FefdYYFX","https://open.spotify.com/track/7FPBWRolBG6uS3FefdYYFX","Lace Up","B","minor","B minor"
"mgk","6TIYQ3jFPwQSRmorSezPxX","3A9kcRzKS8zQtbQ0JwksuS","album","2012-01-01",2012,"day",0.796,0.759,4,-5.937,1,0.118,0.0132,0,0.612,0.573,131.979,"1zxpqmDHIXaYezsMRIfEx2","https://api.spotify.com/v1/audio-analysis/1zxpqmDHIXaYezsMRIfEx2",4,1,234386,TRUE,"https://api.spotify.com/v1/tracks/1zxpqmDHIXaYezsMRIfEx2",FALSE,"Stereo",NA,5,"track","spotify:track:1zxpqmDHIXaYezsMRIfEx2","https://open.spotify.com/track/1zxpqmDHIXaYezsMRIfEx2","Lace Up","E","major","E major"
"mgk","6TIYQ3jFPwQSRmorSezPxX","3A9kcRzKS8zQtbQ0JwksuS","album","2012-01-01",2012,"day",0.633,0.843,3,-6.139,1,0.133,0.0919,0,0.243,0.425,94.995,"3PFWxU3CYEQ2Dfaao5LKg1","https://api.spotify.com/v1/audio-analysis/3PFWxU3CYEQ2Dfaao5LKg1",4,1,207120,TRUE,"https://api.spotify.com/v1/tracks/3PFWxU3CYEQ2Dfaao5LKg1",FALSE,"All We Have",NA,6,"track","spotify:track:3PFWxU3CYEQ2Dfaao5LKg1","https://open.spotify.com/track/3PFWxU3CYEQ2Dfaao5LKg1","Lace Up","D#","major","D# major"
"mgk","6TIYQ3jFPwQSRmorSezPxX","3A9kcRzKS8zQtbQ0JwksuS","album","2012-01-01",2012,"day",0.707,0.684,11,-7.689,0,0.245,0.0445,0,0.135,0.339,139.973,"3bA2mr2fSvVNvywV5MyZ1w","https://api.spotify.com/v1/audio-analysis/3bA2mr2fSvVNvywV5MyZ1w",4,1,249626,TRUE,"https://api.spotify.com/v1/tracks/3bA2mr2fSvVNvywV5MyZ1w",FALSE,"See My Tears",NA,7,"track","spotify:track:3bA2mr2fSvVNvywV5MyZ1w","https://open.spotify.com/track/3bA2mr2fSvVNvywV5MyZ1w","Lace Up","B","minor","B minor"
"mgk","6TIYQ3jFPwQSRmorSezPxX","3A9kcRzKS8zQtbQ0JwksuS","album","2012-01-01",2012,"day",0.434,0.659,8,-7.114,0,0.24,0.0591,0,0.281,0.0647,78.434,"3Wd0Ol9QZxz1WcqocoEEYG","https://api.spotify.com/v1/audio-analysis/3Wd0Ol9QZxz1WcqocoEEYG",4,1,261413,TRUE,"https://api.spotify.com/v1/tracks/3Wd0Ol9QZxz1WcqocoEEYG",FALSE,"D3MONS",NA,8,"track","spotify:track:3Wd0Ol9QZxz1WcqocoEEYG","https://open.spotify.com/track/3Wd0Ol9QZxz1WcqocoEEYG","Lace Up","G#","minor","G# minor"
"mgk","6TIYQ3jFPwQSRmorSezPxX","3A9kcRzKS8zQtbQ0JwksuS","album","2012-01-01",2012,"day",0.773,0.781,6,-6.967,0,0.0512,0.045,0,0.14,0.13,131.971,"5iGB5VoCorEYkiNSTQMOPv","https://api.spotify.com/v1/audio-analysis/5iGB5VoCorEYkiNSTQMOPv",4,1,307893,TRUE,"https://api.spotify.com/v1/tracks/5iGB5VoCorEYkiNSTQMOPv",FALSE,"Edge Of Destruction",NA,9,"track","spotify:track:5iGB5VoCorEYkiNSTQMOPv","https://open.spotify.com/track/5iGB5VoCorEYkiNSTQMOPv","Lace Up","F#","minor","F# minor"
"mgk","6TIYQ3jFPwQSRmorSezPxX","3A9kcRzKS8zQtbQ0JwksuS","album","2012-01-01",2012,"day",0.564,0.734,8,-5.676,1,0.035,0.0698,0,0.157,0.536,140.053,"5AdCc66P8KN91VwdPxrnXV","https://api.spotify.com/v1/audio-analysis/5AdCc66P8KN91VwdPxrnXV",4,1,167706,TRUE,"https://api.spotify.com/v1/tracks/5AdCc66P8KN91VwdPxrnXV",FALSE,"Runnin'",NA,10,"track","spotify:track:5AdCc66P8KN91VwdPxrnXV","https://open.spotify.com/track/5AdCc66P8KN91VwdPxrnXV","Lace Up","G#","major","G# major"
"mgk","6TIYQ3jFPwQSRmorSezPxX","3A9kcRzKS8zQtbQ0JwksuS","album","2012-01-01",2012,"day",0.479,0.859,1,-5.28,1,0.368,0.0285,0,0.152,0.261,118.253,"1zBBo7indT2foQGQUoloWj","https://api.spotify.com/v1/audio-analysis/1zBBo7indT2foQGQUoloWj",5,1,185733,TRUE,"https://api.spotify.com/v1/tracks/1zBBo7indT2foQGQUoloWj",FALSE,"Invincible",NA,11,"track","spotify:track:1zBBo7indT2foQGQUoloWj","https://open.spotify.com/track/1zBBo7indT2foQGQUoloWj","Lace Up","C#","major","C# major"
"mgk","6TIYQ3jFPwQSRmorSezPxX","3A9kcRzKS8zQtbQ0JwksuS","album","2012-01-01",2012,"day",0.755,0.829,7,-5.06,1,0.14,0.187,5.71e-06,0.12,0.318,88.023,"32nJr7tf1IYl5uTLvih1Y5","https://api.spotify.com/v1/audio-analysis/32nJr7tf1IYl5uTLvih1Y5",4,1,250746,TRUE,"https://api.spotify.com/v1/tracks/32nJr7tf1IYl5uTLvih1Y5",FALSE,"On My Way",NA,12,"track","spotify:track:32nJr7tf1IYl5uTLvih1Y5","https://open.spotify.com/track/32nJr7tf1IYl5uTLvih1Y5","Lace Up","G","major","G major"
"mgk","6TIYQ3jFPwQSRmorSezPxX","3A9kcRzKS8zQtbQ0JwksuS","album","2012-01-01",2012,"day",0.766,0.704,9,-6.162,0,0.166,0.174,0,0.203,0.26,91.56,"2JKSuGF4MRoRlh0uMdpRYE","https://api.spotify.com/v1/audio-analysis/2JKSuGF4MRoRlh0uMdpRYE",4,1,244280,TRUE,"https://api.spotify.com/v1/tracks/2JKSuGF4MRoRlh0uMdpRYE",FALSE,"End Of The Road",NA,13,"track","spotify:track:2JKSuGF4MRoRlh0uMdpRYE","https://open.spotify.com/track/2JKSuGF4MRoRlh0uMdpRYE","Lace Up","A","minor","A minor"
